client_id,round,Data_Distribution,Computation_Time,Quality_Factor
client_1,1,"{0: 100, 1: 100, 2: 100, 3: 100, 4: 100, 5: 100, 6: 100, 7: 100, 8: 100, 9: 100}",0.6377859115600586,0.689300000667572
client_2,1,"{0: 100, 1: 30, 2: 40, 3: 200, 4: 10, 5: 50, 6: 70, 7: 90, 8: 60, 9: 20}",0.46439409255981445,0.2870999872684479
client_3,1,"{0: 150, 1: 150, 2: 150, 3: 150, 4: 150, 5: 150, 6: 150, 7: 150, 8: 150, 9: 150}",0.6189918518066406,0.7717999815940857
client_4,1,"{0: 50, 1: 50, 2: 50, 3: 50, 4: 50, 5: 50, 6: 50, 7: 50, 8: 50, 9: 50}",0.4115023612976074,0.4471000134944916
client_5,1,"{0: 500, 1: 500, 2: 500, 3: 500, 4: 500, 5: 500, 6: 500, 7: 500, 8: 500, 9: 500}",1.4775171279907227,0.8942000269889832
client_6,1,"{0: 306, 1: 396, 2: 315, 3: 364, 4: 344, 5: 283, 6: 369, 7: 364, 8: 305, 9: 376}",1.0672788619995117,0.8726999759674072
client_7,1,"{0: 333, 1: 366, 2: 335, 3: 343, 4: 320, 5: 302, 6: 349, 7: 364, 8: 369, 9: 341}",1.0583226680755615,0.8794000148773193
client_8,1,"{0: 311, 1: 405, 2: 318, 3: 352, 4: 327, 5: 326, 6: 348, 7: 374, 8: 330, 9: 331}",1.062117338180542,0.8720999956130981
client_9,1,"{0: 320, 1: 362, 2: 365, 3: 343, 4: 351, 5: 328, 6: 358, 7: 347, 8: 337, 9: 311}",1.0450148582458496,0.8567000031471252
client_10,1,"{0: 340, 1: 407, 2: 343, 3: 333, 4: 348, 5: 284, 6: 318, 7: 365, 8: 345, 9: 339}",1.0604407787322998,0.8709999918937683
client_11,1,"{0: 347, 1: 395, 2: 319, 3: 321, 4: 345, 5: 290, 6: 361, 7: 362, 8: 330, 9: 352}",1.0463862419128418,0.8654000163078308
client_12,1,"{0: 321, 1: 358, 2: 367, 3: 352, 4: 337, 5: 313, 6: 339, 7: 360, 8: 333, 9: 342}",1.047131061553955,0.867900013923645
client_13,1,"{0: 343, 1: 399, 2: 322, 3: 336, 4: 349, 5: 290, 6: 322, 7: 333, 8: 390, 9: 338}",1.0135061740875244,0.8733000159263611
client_14,1,"{0: 334, 1: 437, 2: 336, 3: 341, 4: 347, 5: 326, 6: 309, 7: 335, 8: 326, 9: 331}",1.0460402965545654,0.8765000104904175
client_15,1,"{0: 348, 1: 382, 2: 339, 3: 317, 4: 328, 5: 320, 6: 321, 7: 363, 8: 363, 9: 341}",1.0416874885559082,0.8765000104904175
client_16,1,"{0: 366, 1: 417, 2: 355, 3: 336, 4: 343, 5: 285, 6: 323, 7: 343, 8: 312, 9: 342}",1.0415217876434326,0.876800000667572
client_17,1,"{0: 327, 1: 410, 2: 340, 3: 363, 4: 328, 5: 303, 6: 337, 7: 340, 8: 313, 9: 361}",1.043006420135498,0.8809000253677368
client_18,1,"{0: 343, 1: 354, 2: 380, 3: 327, 4: 338, 5: 303, 6: 355, 7: 375, 8: 305, 9: 342}",1.0513248443603516,0.8748000264167786
client_19,1,"{0: 326, 1: 410, 2: 337, 3: 355, 4: 286, 5: 322, 6: 331, 7: 384, 8: 323, 9: 348}",1.0916190147399902,0.8711000084877014
client_20,1,"{0: 358, 1: 414, 2: 347, 3: 348, 4: 341, 5: 296, 6: 308, 7: 366, 8: 310, 9: 334}",1.0474853515625,0.8777999877929688
client_1,2,"{0: 100, 1: 100, 2: 100, 3: 100, 4: 100, 5: 100, 6: 100, 7: 100, 8: 100, 9: 100}",0.5318443775177002,0.8815000057220459
client_2,2,"{0: 100, 1: 30, 2: 40, 3: 200, 4: 10, 5: 50, 6: 70, 7: 90, 8: 60, 9: 20}",0.48943305015563965,0.8270999789237976
client_3,2,"{0: 150, 1: 150, 2: 150, 3: 150, 4: 150, 5: 150, 6: 150, 7: 150, 8: 150, 9: 150}",0.748814582824707,0.8906999826431274
client_4,2,"{0: 50, 1: 50, 2: 50, 3: 50, 4: 50, 5: 50, 6: 50, 7: 50, 8: 50, 9: 50}",0.48764801025390625,0.8715999722480774
client_5,2,"{0: 500, 1: 500, 2: 500, 3: 500, 4: 500, 5: 500, 6: 500, 7: 500, 8: 500, 9: 500}",1.8119232654571533,0.9099000096321106
client_6,2,"{0: 306, 1: 396, 2: 315, 3: 364, 4: 344, 5: 283, 6: 369, 7: 364, 8: 305, 9: 376}",1.3157322406768799,0.8988999724388123
client_7,2,"{0: 333, 1: 366, 2: 335, 3: 343, 4: 320, 5: 302, 6: 349, 7: 364, 8: 369, 9: 341}",1.2184150218963623,0.9063000082969666
client_8,2,"{0: 311, 1: 405, 2: 318, 3: 352, 4: 327, 5: 326, 6: 348, 7: 374, 8: 330, 9: 331}",1.3363709449768066,0.9034000039100647
client_9,2,"{0: 320, 1: 362, 2: 365, 3: 343, 4: 351, 5: 328, 6: 358, 7: 347, 8: 337, 9: 311}",1.3095295429229736,0.8925999999046326
client_10,2,"{0: 340, 1: 407, 2: 343, 3: 333, 4: 348, 5: 284, 6: 318, 7: 365, 8: 345, 9: 339}",1.2069332599639893,0.8985000252723694
client_11,2,"{0: 347, 1: 395, 2: 319, 3: 321, 4: 345, 5: 290, 6: 361, 7: 362, 8: 330, 9: 352}",1.369234323501587,0.8956000208854675
client_12,2,"{0: 321, 1: 358, 2: 367, 3: 352, 4: 337, 5: 313, 6: 339, 7: 360, 8: 333, 9: 342}",1.2982923984527588,0.9006999731063843
client_13,2,"{0: 343, 1: 399, 2: 322, 3: 336, 4: 349, 5: 290, 6: 322, 7: 333, 8: 390, 9: 338}",1.222489833831787,0.9002000093460083
client_14,2,"{0: 334, 1: 437, 2: 336, 3: 341, 4: 347, 5: 326, 6: 309, 7: 335, 8: 326, 9: 331}",1.2334983348846436,0.9034000039100647
client_15,2,"{0: 348, 1: 382, 2: 339, 3: 317, 4: 328, 5: 320, 6: 321, 7: 363, 8: 363, 9: 341}",1.1919941902160645,0.9003000259399414
client_16,2,"{0: 366, 1: 417, 2: 355, 3: 336, 4: 343, 5: 285, 6: 323, 7: 343, 8: 312, 9: 342}",1.2091004848480225,0.9032999873161316
client_17,2,"{0: 327, 1: 410, 2: 340, 3: 363, 4: 328, 5: 303, 6: 337, 7: 340, 8: 313, 9: 361}",1.2561430931091309,0.9034000039100647
client_18,2,"{0: 343, 1: 354, 2: 380, 3: 327, 4: 338, 5: 303, 6: 355, 7: 375, 8: 305, 9: 342}",1.1622719764709473,0.8999999761581421
client_19,2,"{0: 326, 1: 410, 2: 337, 3: 355, 4: 286, 5: 322, 6: 331, 7: 384, 8: 323, 9: 348}",1.2705116271972656,0.9034000039100647
client_20,2,"{0: 358, 1: 414, 2: 347, 3: 348, 4: 341, 5: 296, 6: 308, 7: 366, 8: 310, 9: 334}",1.1920394897460938,0.9014000296592712
client_1,3,"{0: 100, 1: 100, 2: 100, 3: 100, 4: 100, 5: 100, 6: 100, 7: 100, 8: 100, 9: 100}",0.5689270496368408,0.9050999879837036
client_2,3,"{0: 100, 1: 30, 2: 40, 3: 200, 4: 10, 5: 50, 6: 70, 7: 90, 8: 60, 9: 20}",0.47034454345703125,0.8802000284194946
client_3,3,"{0: 150, 1: 150, 2: 150, 3: 150, 4: 150, 5: 150, 6: 150, 7: 150, 8: 150, 9: 150}",0.7531406879425049,0.9077000021934509
client_4,3,"{0: 50, 1: 50, 2: 50, 3: 50, 4: 50, 5: 50, 6: 50, 7: 50, 8: 50, 9: 50}",0.4349966049194336,0.9035999774932861
client_5,3,"{0: 500, 1: 500, 2: 500, 3: 500, 4: 500, 5: 500, 6: 500, 7: 500, 8: 500, 9: 500}",1.6808063983917236,0.9174000024795532
client_6,3,"{0: 306, 1: 396, 2: 315, 3: 364, 4: 344, 5: 283, 6: 369, 7: 364, 8: 305, 9: 376}",1.1602632999420166,0.9089000225067139
client_7,3,"{0: 333, 1: 366, 2: 335, 3: 343, 4: 320, 5: 302, 6: 349, 7: 364, 8: 369, 9: 341}",1.2496099472045898,0.9185000061988831
client_8,3,"{0: 311, 1: 405, 2: 318, 3: 352, 4: 327, 5: 326, 6: 348, 7: 374, 8: 330, 9: 331}",1.1995348930358887,0.9117000102996826
client_9,3,"{0: 320, 1: 362, 2: 365, 3: 343, 4: 351, 5: 328, 6: 358, 7: 347, 8: 337, 9: 311}",1.20872163772583,0.904699981212616
client_10,3,"{0: 340, 1: 407, 2: 343, 3: 333, 4: 348, 5: 284, 6: 318, 7: 365, 8: 345, 9: 339}",1.2407071590423584,0.909500002861023
client_11,3,"{0: 347, 1: 395, 2: 319, 3: 321, 4: 345, 5: 290, 6: 361, 7: 362, 8: 330, 9: 352}",1.1581742763519287,0.90829998254776
client_12,3,"{0: 321, 1: 358, 2: 367, 3: 352, 4: 337, 5: 313, 6: 339, 7: 360, 8: 333, 9: 342}",1.2885644435882568,0.9121999740600586
client_13,3,"{0: 343, 1: 399, 2: 322, 3: 336, 4: 349, 5: 290, 6: 322, 7: 333, 8: 390, 9: 338}",1.252368688583374,0.9108999967575073
client_14,3,"{0: 334, 1: 437, 2: 336, 3: 341, 4: 347, 5: 326, 6: 309, 7: 335, 8: 326, 9: 331}",1.1974775791168213,0.9139000177383423
client_15,3,"{0: 348, 1: 382, 2: 339, 3: 317, 4: 328, 5: 320, 6: 321, 7: 363, 8: 363, 9: 341}",1.2365167140960693,0.9103000164031982
client_16,3,"{0: 366, 1: 417, 2: 355, 3: 336, 4: 343, 5: 285, 6: 323, 7: 343, 8: 312, 9: 342}",1.1527409553527832,0.9125000238418579
client_17,3,"{0: 327, 1: 410, 2: 340, 3: 363, 4: 328, 5: 303, 6: 337, 7: 340, 8: 313, 9: 361}",1.2549097537994385,0.9142000079154968
client_18,3,"{0: 343, 1: 354, 2: 380, 3: 327, 4: 338, 5: 303, 6: 355, 7: 375, 8: 305, 9: 342}",1.2106132507324219,0.9118000268936157
client_19,3,"{0: 326, 1: 410, 2: 337, 3: 355, 4: 286, 5: 322, 6: 331, 7: 384, 8: 323, 9: 348}",1.1742839813232422,0.9136999845504761
client_20,3,"{0: 358, 1: 414, 2: 347, 3: 348, 4: 341, 5: 296, 6: 308, 7: 366, 8: 310, 9: 334}",1.2584402561187744,0.9120000004768372
client_1,4,"{0: 100, 1: 100, 2: 100, 3: 100, 4: 100, 5: 100, 6: 100, 7: 100, 8: 100, 9: 100}",0.5585792064666748,0.9146000146865845
client_2,4,"{0: 100, 1: 30, 2: 40, 3: 200, 4: 10, 5: 50, 6: 70, 7: 90, 8: 60, 9: 20}",0.4843282699584961,0.897599995136261
client_3,4,"{0: 150, 1: 150, 2: 150, 3: 150, 4: 150, 5: 150, 6: 150, 7: 150, 8: 150, 9: 150}",0.7143044471740723,0.9160000085830688
client_4,4,"{0: 50, 1: 50, 2: 50, 3: 50, 4: 50, 5: 50, 6: 50, 7: 50, 8: 50, 9: 50}",0.42018699645996094,0.9154999852180481
client_5,4,"{0: 500, 1: 500, 2: 500, 3: 500, 4: 500, 5: 500, 6: 500, 7: 500, 8: 500, 9: 500}",1.6684925556182861,0.9208999872207642
client_6,4,"{0: 306, 1: 396, 2: 315, 3: 364, 4: 344, 5: 283, 6: 369, 7: 364, 8: 305, 9: 376}",1.211385726928711,0.916100025177002
client_7,4,"{0: 333, 1: 366, 2: 335, 3: 343, 4: 320, 5: 302, 6: 349, 7: 364, 8: 369, 9: 341}",1.2218425273895264,0.9226999878883362
client_8,4,"{0: 311, 1: 405, 2: 318, 3: 352, 4: 327, 5: 326, 6: 348, 7: 374, 8: 330, 9: 331}",1.255589246749878,0.9172000288963318
client_9,4,"{0: 320, 1: 362, 2: 365, 3: 343, 4: 351, 5: 328, 6: 358, 7: 347, 8: 337, 9: 311}",1.1762380599975586,0.9124000072479248
client_10,4,"{0: 340, 1: 407, 2: 343, 3: 333, 4: 348, 5: 284, 6: 318, 7: 365, 8: 345, 9: 339}",1.236588478088379,0.9182000160217285
client_11,4,"{0: 347, 1: 395, 2: 319, 3: 321, 4: 345, 5: 290, 6: 361, 7: 362, 8: 330, 9: 352}",1.2212402820587158,0.9165999889373779
client_12,4,"{0: 321, 1: 358, 2: 367, 3: 352, 4: 337, 5: 313, 6: 339, 7: 360, 8: 333, 9: 342}",1.199979543685913,0.9175000190734863
client_13,4,"{0: 343, 1: 399, 2: 322, 3: 336, 4: 349, 5: 290, 6: 322, 7: 333, 8: 390, 9: 338}",1.2584402561187744,0.9179999828338623
client_14,4,"{0: 334, 1: 437, 2: 336, 3: 341, 4: 347, 5: 326, 6: 309, 7: 335, 8: 326, 9: 331}",1.1439824104309082,0.9210000038146973
client_15,4,"{0: 348, 1: 382, 2: 339, 3: 317, 4: 328, 5: 320, 6: 321, 7: 363, 8: 363, 9: 341}",1.2781424522399902,0.9164999723434448
client_16,4,"{0: 366, 1: 417, 2: 355, 3: 336, 4: 343, 5: 285, 6: 323, 7: 343, 8: 312, 9: 342}",1.2150380611419678,0.917900025844574
client_17,4,"{0: 327, 1: 410, 2: 340, 3: 363, 4: 328, 5: 303, 6: 337, 7: 340, 8: 313, 9: 361}",1.1769359111785889,0.9214000105857849
client_18,4,"{0: 343, 1: 354, 2: 380, 3: 327, 4: 338, 5: 303, 6: 355, 7: 375, 8: 305, 9: 342}",1.2183072566986084,0.9196000099182129
client_19,4,"{0: 326, 1: 410, 2: 337, 3: 355, 4: 286, 5: 322, 6: 331, 7: 384, 8: 323, 9: 348}",1.150505542755127,0.920799970626831
client_20,4,"{0: 358, 1: 414, 2: 347, 3: 348, 4: 341, 5: 296, 6: 308, 7: 366, 8: 310, 9: 334}",1.2424917221069336,0.9199000000953674
client_1,5,"{0: 100, 1: 100, 2: 100, 3: 100, 4: 100, 5: 100, 6: 100, 7: 100, 8: 100, 9: 100}",0.5634298324584961,0.9211000204086304
client_2,5,"{0: 100, 1: 30, 2: 40, 3: 200, 4: 10, 5: 50, 6: 70, 7: 90, 8: 60, 9: 20}",0.4830179214477539,0.9065999984741211
client_3,5,"{0: 150, 1: 150, 2: 150, 3: 150, 4: 150, 5: 150, 6: 150, 7: 150, 8: 150, 9: 150}",0.7001082897186279,0.9218000173568726
client_4,5,"{0: 50, 1: 50, 2: 50, 3: 50, 4: 50, 5: 50, 6: 50, 7: 50, 8: 50, 9: 50}",0.43726325035095215,0.9230999946594238
client_5,5,"{0: 500, 1: 500, 2: 500, 3: 500, 4: 500, 5: 500, 6: 500, 7: 500, 8: 500, 9: 500}",1.5744507312774658,0.9248999953269958
client_6,5,"{0: 306, 1: 396, 2: 315, 3: 364, 4: 344, 5: 283, 6: 369, 7: 364, 8: 305, 9: 376}",1.2123355865478516,0.921999990940094
client_7,5,"{0: 333, 1: 366, 2: 335, 3: 343, 4: 320, 5: 302, 6: 349, 7: 364, 8: 369, 9: 341}",1.1885261535644531,0.9266999959945679
client_8,5,"{0: 311, 1: 405, 2: 318, 3: 352, 4: 327, 5: 326, 6: 348, 7: 374, 8: 330, 9: 331}",1.2457542419433594,0.9223999977111816
client_9,5,"{0: 320, 1: 362, 2: 365, 3: 343, 4: 351, 5: 328, 6: 358, 7: 347, 8: 337, 9: 311}",1.221482276916504,0.9174000024795532
client_10,5,"{0: 340, 1: 407, 2: 343, 3: 333, 4: 348, 5: 284, 6: 318, 7: 365, 8: 345, 9: 339}",1.173393964767456,0.9236000180244446
client_11,5,"{0: 347, 1: 395, 2: 319, 3: 321, 4: 345, 5: 290, 6: 361, 7: 362, 8: 330, 9: 352}",1.2728376388549805,0.9211000204086304
client_12,5,"{0: 321, 1: 358, 2: 367, 3: 352, 4: 337, 5: 313, 6: 339, 7: 360, 8: 333, 9: 342}",1.1913456916809082,0.9221000075340271
client_13,5,"{0: 343, 1: 399, 2: 322, 3: 336, 4: 349, 5: 290, 6: 322, 7: 333, 8: 390, 9: 338}",1.3078620433807373,0.9210000038146973
client_14,5,"{0: 334, 1: 437, 2: 336, 3: 341, 4: 347, 5: 326, 6: 309, 7: 335, 8: 326, 9: 331}",1.2267298698425293,0.925599992275238
client_15,5,"{0: 348, 1: 382, 2: 339, 3: 317, 4: 328, 5: 320, 6: 321, 7: 363, 8: 363, 9: 341}",1.1720356941223145,0.9225000143051147
client_16,5,"{0: 366, 1: 417, 2: 355, 3: 336, 4: 343, 5: 285, 6: 323, 7: 343, 8: 312, 9: 342}",1.2480401992797852,0.9230999946594238
client_17,5,"{0: 327, 1: 410, 2: 340, 3: 363, 4: 328, 5: 303, 6: 337, 7: 340, 8: 313, 9: 361}",1.1716423034667969,0.927299976348877
client_18,5,"{0: 343, 1: 354, 2: 380, 3: 327, 4: 338, 5: 303, 6: 355, 7: 375, 8: 305, 9: 342}",1.1902694702148438,0.9235000014305115
client_19,5,"{0: 326, 1: 410, 2: 337, 3: 355, 4: 286, 5: 322, 6: 331, 7: 384, 8: 323, 9: 348}",1.220141887664795,0.9246000051498413
client_20,5,"{0: 358, 1: 414, 2: 347, 3: 348, 4: 341, 5: 296, 6: 308, 7: 366, 8: 310, 9: 334}",1.1662466526031494,0.925000011920929
client_1,6,"{0: 100, 1: 100, 2: 100, 3: 100, 4: 100, 5: 100, 6: 100, 7: 100, 8: 100, 9: 100}",0.5599162578582764,0.9257000088691711
client_2,6,"{0: 100, 1: 30, 2: 40, 3: 200, 4: 10, 5: 50, 6: 70, 7: 90, 8: 60, 9: 20}",0.5086333751678467,0.9139999747276306
client_3,6,"{0: 150, 1: 150, 2: 150, 3: 150, 4: 150, 5: 150, 6: 150, 7: 150, 8: 150, 9: 150}",0.6629080772399902,0.9261000156402588
client_4,6,"{0: 50, 1: 50, 2: 50, 3: 50, 4: 50, 5: 50, 6: 50, 7: 50, 8: 50, 9: 50}",0.4287853240966797,0.926800012588501
client_5,6,"{0: 500, 1: 500, 2: 500, 3: 500, 4: 500, 5: 500, 6: 500, 7: 500, 8: 500, 9: 500}",1.5568158626556396,0.9276000261306763
client_6,6,"{0: 306, 1: 396, 2: 315, 3: 364, 4: 344, 5: 283, 6: 369, 7: 364, 8: 305, 9: 376}",1.248816967010498,0.9251000285148621
client_7,6,"{0: 333, 1: 366, 2: 335, 3: 343, 4: 320, 5: 302, 6: 349, 7: 364, 8: 369, 9: 341}",1.2346875667572021,0.930400013923645
client_8,6,"{0: 311, 1: 405, 2: 318, 3: 352, 4: 327, 5: 326, 6: 348, 7: 374, 8: 330, 9: 331}",1.1568732261657715,0.9266999959945679
client_9,6,"{0: 320, 1: 362, 2: 365, 3: 343, 4: 351, 5: 328, 6: 358, 7: 347, 8: 337, 9: 311}",1.2387053966522217,0.9223999977111816
client_10,6,"{0: 340, 1: 407, 2: 343, 3: 333, 4: 348, 5: 284, 6: 318, 7: 365, 8: 345, 9: 339}",1.1721954345703125,0.9282000064849854
client_11,6,"{0: 347, 1: 395, 2: 319, 3: 321, 4: 345, 5: 290, 6: 361, 7: 362, 8: 330, 9: 352}",1.2102057933807373,0.9257000088691711
client_12,6,"{0: 321, 1: 358, 2: 367, 3: 352, 4: 337, 5: 313, 6: 339, 7: 360, 8: 333, 9: 342}",1.2165842056274414,0.9257000088691711
client_13,6,"{0: 343, 1: 399, 2: 322, 3: 336, 4: 349, 5: 290, 6: 322, 7: 333, 8: 390, 9: 338}",1.178513765335083,0.9247999787330627
client_14,6,"{0: 334, 1: 437, 2: 336, 3: 341, 4: 347, 5: 326, 6: 309, 7: 335, 8: 326, 9: 331}",1.2699687480926514,0.9291999936103821
client_15,6,"{0: 348, 1: 382, 2: 339, 3: 317, 4: 328, 5: 320, 6: 321, 7: 363, 8: 363, 9: 341}",1.1984753608703613,0.9261999726295471
client_16,6,"{0: 366, 1: 417, 2: 355, 3: 336, 4: 343, 5: 285, 6: 323, 7: 343, 8: 312, 9: 342}",1.36952543258667,0.9287999868392944
client_17,6,"{0: 327, 1: 410, 2: 340, 3: 363, 4: 328, 5: 303, 6: 337, 7: 340, 8: 313, 9: 361}",1.2211787700653076,0.9298999905586243
client_18,6,"{0: 343, 1: 354, 2: 380, 3: 327, 4: 338, 5: 303, 6: 355, 7: 375, 8: 305, 9: 342}",1.1813530921936035,0.9280999898910522
client_19,6,"{0: 326, 1: 410, 2: 337, 3: 355, 4: 286, 5: 322, 6: 331, 7: 384, 8: 323, 9: 348}",1.266756296157837,0.9291999936103821
client_20,6,"{0: 358, 1: 414, 2: 347, 3: 348, 4: 341, 5: 296, 6: 308, 7: 366, 8: 310, 9: 334}",1.2091915607452393,0.9280999898910522
client_1,7,"{0: 100, 1: 100, 2: 100, 3: 100, 4: 100, 5: 100, 6: 100, 7: 100, 8: 100, 9: 100}",0.5762913227081299,0.9286999702453613
client_2,7,"{0: 100, 1: 30, 2: 40, 3: 200, 4: 10, 5: 50, 6: 70, 7: 90, 8: 60, 9: 20}",0.46126365661621094,0.9200000166893005
client_3,7,"{0: 150, 1: 150, 2: 150, 3: 150, 4: 150, 5: 150, 6: 150, 7: 150, 8: 150, 9: 150}",0.7319803237915039,0.9300000071525574
client_4,7,"{0: 50, 1: 50, 2: 50, 3: 50, 4: 50, 5: 50, 6: 50, 7: 50, 8: 50, 9: 50}",0.41480565071105957,0.9311000108718872
client_5,7,"{0: 500, 1: 500, 2: 500, 3: 500, 4: 500, 5: 500, 6: 500, 7: 500, 8: 500, 9: 500}",1.62272310256958,0.9314000010490417
client_6,7,"{0: 306, 1: 396, 2: 315, 3: 364, 4: 344, 5: 283, 6: 369, 7: 364, 8: 305, 9: 376}",1.186002254486084,0.9283999800682068
client_7,7,"{0: 333, 1: 366, 2: 335, 3: 343, 4: 320, 5: 302, 6: 349, 7: 364, 8: 369, 9: 341}",1.24452805519104,0.9327999949455261
client_8,7,"{0: 311, 1: 405, 2: 318, 3: 352, 4: 327, 5: 326, 6: 348, 7: 374, 8: 330, 9: 331}",1.2389802932739258,0.9311000108718872
client_9,7,"{0: 320, 1: 362, 2: 365, 3: 343, 4: 351, 5: 328, 6: 358, 7: 347, 8: 337, 9: 311}",1.17289137840271,0.9259999990463257
client_10,7,"{0: 340, 1: 407, 2: 343, 3: 333, 4: 348, 5: 284, 6: 318, 7: 365, 8: 345, 9: 339}",1.2391290664672852,0.9316999912261963
client_11,7,"{0: 347, 1: 395, 2: 319, 3: 321, 4: 345, 5: 290, 6: 361, 7: 362, 8: 330, 9: 352}",1.2658965587615967,0.9297000169754028
client_12,7,"{0: 321, 1: 358, 2: 367, 3: 352, 4: 337, 5: 313, 6: 339, 7: 360, 8: 333, 9: 342}",1.2410717010498047,0.9289000034332275
client_13,7,"{0: 343, 1: 399, 2: 322, 3: 336, 4: 349, 5: 290, 6: 322, 7: 333, 8: 390, 9: 338}",1.3033359050750732,0.9279999732971191
client_14,7,"{0: 334, 1: 437, 2: 336, 3: 341, 4: 347, 5: 326, 6: 309, 7: 335, 8: 326, 9: 331}",1.175802230834961,0.9315999746322632
client_15,7,"{0: 348, 1: 382, 2: 339, 3: 317, 4: 328, 5: 320, 6: 321, 7: 363, 8: 363, 9: 341}",1.217801570892334,0.9302999973297119
client_16,7,"{0: 366, 1: 417, 2: 355, 3: 336, 4: 343, 5: 285, 6: 323, 7: 343, 8: 312, 9: 342}",1.2092015743255615,0.9323999881744385
client_17,7,"{0: 327, 1: 410, 2: 340, 3: 363, 4: 328, 5: 303, 6: 337, 7: 340, 8: 313, 9: 361}",1.2284142971038818,0.9330000281333923
client_18,7,"{0: 343, 1: 354, 2: 380, 3: 327, 4: 338, 5: 303, 6: 355, 7: 375, 8: 305, 9: 342}",1.2496562004089355,0.9315999746322632
client_19,7,"{0: 326, 1: 410, 2: 337, 3: 355, 4: 286, 5: 322, 6: 331, 7: 384, 8: 323, 9: 348}",1.1368496417999268,0.9322999715805054
client_20,7,"{0: 358, 1: 414, 2: 347, 3: 348, 4: 341, 5: 296, 6: 308, 7: 366, 8: 310, 9: 334}",1.2502706050872803,0.9318000078201294
client_1,8,"{0: 100, 1: 100, 2: 100, 3: 100, 4: 100, 5: 100, 6: 100, 7: 100, 8: 100, 9: 100}",0.5405833721160889,0.9319999814033508
client_2,8,"{0: 100, 1: 30, 2: 40, 3: 200, 4: 10, 5: 50, 6: 70, 7: 90, 8: 60, 9: 20}",0.49674201011657715,0.9251000285148621
client_3,8,"{0: 150, 1: 150, 2: 150, 3: 150, 4: 150, 5: 150, 6: 150, 7: 150, 8: 150, 9: 150}",0.6946103572845459,0.9334999918937683
client_4,8,"{0: 50, 1: 50, 2: 50, 3: 50, 4: 50, 5: 50, 6: 50, 7: 50, 8: 50, 9: 50}",0.4359865188598633,0.9350000023841858
client_5,8,"{0: 500, 1: 500, 2: 500, 3: 500, 4: 500, 5: 500, 6: 500, 7: 500, 8: 500, 9: 500}",1.596740484237671,0.9345999956130981
client_6,8,"{0: 306, 1: 396, 2: 315, 3: 364, 4: 344, 5: 283, 6: 369, 7: 364, 8: 305, 9: 376}",1.22121262550354,0.9333999752998352
client_7,8,"{0: 333, 1: 366, 2: 335, 3: 343, 4: 320, 5: 302, 6: 349, 7: 364, 8: 369, 9: 341}",1.1933114528656006,0.9355999827384949
client_8,8,"{0: 311, 1: 405, 2: 318, 3: 352, 4: 327, 5: 326, 6: 348, 7: 374, 8: 330, 9: 331}",1.2296955585479736,0.9334999918937683
client_9,8,"{0: 320, 1: 362, 2: 365, 3: 343, 4: 351, 5: 328, 6: 358, 7: 347, 8: 337, 9: 311}",1.2143328189849854,0.9294999837875366
client_10,8,"{0: 340, 1: 407, 2: 343, 3: 333, 4: 348, 5: 284, 6: 318, 7: 365, 8: 345, 9: 339}",1.1761493682861328,0.9345999956130981
client_11,8,"{0: 347, 1: 395, 2: 319, 3: 321, 4: 345, 5: 290, 6: 361, 7: 362, 8: 330, 9: 352}",1.2365837097167969,0.9320999979972839
client_12,8,"{0: 321, 1: 358, 2: 367, 3: 352, 4: 337, 5: 313, 6: 339, 7: 360, 8: 333, 9: 342}",1.1402723789215088,0.930899977684021
client_13,8,"{0: 343, 1: 399, 2: 322, 3: 336, 4: 349, 5: 290, 6: 322, 7: 333, 8: 390, 9: 338}",1.2639446258544922,0.9312000274658203
client_14,8,"{0: 334, 1: 437, 2: 336, 3: 341, 4: 347, 5: 326, 6: 309, 7: 335, 8: 326, 9: 331}",1.2681808471679688,0.9345999956130981
client_15,8,"{0: 348, 1: 382, 2: 339, 3: 317, 4: 328, 5: 320, 6: 321, 7: 363, 8: 363, 9: 341}",1.1819984912872314,0.932699978351593
client_16,8,"{0: 366, 1: 417, 2: 355, 3: 336, 4: 343, 5: 285, 6: 323, 7: 343, 8: 312, 9: 342}",1.2486133575439453,0.9368000030517578
client_17,8,"{0: 327, 1: 410, 2: 340, 3: 363, 4: 328, 5: 303, 6: 337, 7: 340, 8: 313, 9: 361}",1.1586792469024658,0.9352999925613403
client_18,8,"{0: 343, 1: 354, 2: 380, 3: 327, 4: 338, 5: 303, 6: 355, 7: 375, 8: 305, 9: 342}",1.2205917835235596,0.9341999888420105
client_19,8,"{0: 326, 1: 410, 2: 337, 3: 355, 4: 286, 5: 322, 6: 331, 7: 384, 8: 323, 9: 348}",1.2129673957824707,0.9333000183105469
client_20,8,"{0: 358, 1: 414, 2: 347, 3: 348, 4: 341, 5: 296, 6: 308, 7: 366, 8: 310, 9: 334}",1.2031583786010742,0.933899998664856
client_1,9,"{0: 100, 1: 100, 2: 100, 3: 100, 4: 100, 5: 100, 6: 100, 7: 100, 8: 100, 9: 100}",0.5807662010192871,0.9348000288009644
client_2,9,"{0: 100, 1: 30, 2: 40, 3: 200, 4: 10, 5: 50, 6: 70, 7: 90, 8: 60, 9: 20}",0.4851040840148926,0.9283999800682068
client_3,9,"{0: 150, 1: 150, 2: 150, 3: 150, 4: 150, 5: 150, 6: 150, 7: 150, 8: 150, 9: 150}",0.6718719005584717,0.9358000159263611
client_4,9,"{0: 50, 1: 50, 2: 50, 3: 50, 4: 50, 5: 50, 6: 50, 7: 50, 8: 50, 9: 50}",0.4492330551147461,0.9388999938964844
client_5,9,"{0: 500, 1: 500, 2: 500, 3: 500, 4: 500, 5: 500, 6: 500, 7: 500, 8: 500, 9: 500}",1.5799412727355957,0.9383000135421753
client_6,9,"{0: 306, 1: 396, 2: 315, 3: 364, 4: 344, 5: 283, 6: 369, 7: 364, 8: 305, 9: 376}",1.2016849517822266,0.9362999796867371
client_7,9,"{0: 333, 1: 366, 2: 335, 3: 343, 4: 320, 5: 302, 6: 349, 7: 364, 8: 369, 9: 341}",1.2408604621887207,0.9380000233650208
client_8,9,"{0: 311, 1: 405, 2: 318, 3: 352, 4: 327, 5: 326, 6: 348, 7: 374, 8: 330, 9: 331}",1.1431300640106201,0.9376000165939331
client_9,9,"{0: 320, 1: 362, 2: 365, 3: 343, 4: 351, 5: 328, 6: 358, 7: 347, 8: 337, 9: 311}",1.2353012561798096,0.9314000010490417
client_10,9,"{0: 340, 1: 407, 2: 343, 3: 333, 4: 348, 5: 284, 6: 318, 7: 365, 8: 345, 9: 339}",1.171950340270996,0.9373999834060669
client_11,9,"{0: 347, 1: 395, 2: 319, 3: 321, 4: 345, 5: 290, 6: 361, 7: 362, 8: 330, 9: 352}",1.2848012447357178,0.935699999332428
client_12,9,"{0: 321, 1: 358, 2: 367, 3: 352, 4: 337, 5: 313, 6: 339, 7: 360, 8: 333, 9: 342}",1.2344880104064941,0.9329000115394592
client_13,9,"{0: 343, 1: 399, 2: 322, 3: 336, 4: 349, 5: 290, 6: 322, 7: 333, 8: 390, 9: 338}",1.1419148445129395,0.9343000054359436
client_14,9,"{0: 334, 1: 437, 2: 336, 3: 341, 4: 347, 5: 326, 6: 309, 7: 335, 8: 326, 9: 331}",1.258448839187622,0.9376999735832214
client_15,9,"{0: 348, 1: 382, 2: 339, 3: 317, 4: 328, 5: 320, 6: 321, 7: 363, 8: 363, 9: 341}",1.1705987453460693,0.9351000189781189
client_16,9,"{0: 366, 1: 417, 2: 355, 3: 336, 4: 343, 5: 285, 6: 323, 7: 343, 8: 312, 9: 342}",1.2074897289276123,0.9394999742507935
client_17,9,"{0: 327, 1: 410, 2: 340, 3: 363, 4: 328, 5: 303, 6: 337, 7: 340, 8: 313, 9: 361}",1.2465319633483887,0.9366999864578247
client_18,9,"{0: 343, 1: 354, 2: 380, 3: 327, 4: 338, 5: 303, 6: 355, 7: 375, 8: 305, 9: 342}",1.1640598773956299,0.9376000165939331
client_19,9,"{0: 326, 1: 410, 2: 337, 3: 355, 4: 286, 5: 322, 6: 331, 7: 384, 8: 323, 9: 348}",1.242159366607666,0.9348999857902527
client_20,9,"{0: 358, 1: 414, 2: 347, 3: 348, 4: 341, 5: 296, 6: 308, 7: 366, 8: 310, 9: 334}",1.1837141513824463,0.9375
client_1,10,"{0: 100, 1: 100, 2: 100, 3: 100, 4: 100, 5: 100, 6: 100, 7: 100, 8: 100, 9: 100}",0.5781571865081787,0.9380000233650208
client_2,10,"{0: 100, 1: 30, 2: 40, 3: 200, 4: 10, 5: 50, 6: 70, 7: 90, 8: 60, 9: 20}",0.4616425037384033,0.9318000078201294
client_3,10,"{0: 150, 1: 150, 2: 150, 3: 150, 4: 150, 5: 150, 6: 150, 7: 150, 8: 150, 9: 150}",0.6835310459136963,0.9380999803543091
client_4,10,"{0: 50, 1: 50, 2: 50, 3: 50, 4: 50, 5: 50, 6: 50, 7: 50, 8: 50, 9: 50}",0.47574400901794434,0.941100001335144
client_5,10,"{0: 500, 1: 500, 2: 500, 3: 500, 4: 500, 5: 500, 6: 500, 7: 500, 8: 500, 9: 500}",1.646414041519165,0.9412999749183655
client_6,10,"{0: 306, 1: 396, 2: 315, 3: 364, 4: 344, 5: 283, 6: 369, 7: 364, 8: 305, 9: 376}",1.1544654369354248,0.9386000037193298
client_7,10,"{0: 333, 1: 366, 2: 335, 3: 343, 4: 320, 5: 302, 6: 349, 7: 364, 8: 369, 9: 341}",1.2213990688323975,0.9398999810218811
client_8,10,"{0: 311, 1: 405, 2: 318, 3: 352, 4: 327, 5: 326, 6: 348, 7: 374, 8: 330, 9: 331}",1.1754419803619385,0.9391999840736389
client_9,10,"{0: 320, 1: 362, 2: 365, 3: 343, 4: 351, 5: 328, 6: 358, 7: 347, 8: 337, 9: 311}",1.2037572860717773,0.9340000152587891
client_10,10,"{0: 340, 1: 407, 2: 343, 3: 333, 4: 348, 5: 284, 6: 318, 7: 365, 8: 345, 9: 339}",1.297755479812622,0.9404000043869019
client_11,10,"{0: 347, 1: 395, 2: 319, 3: 321, 4: 345, 5: 290, 6: 361, 7: 362, 8: 330, 9: 352}",1.179481029510498,0.9373999834060669
client_12,10,"{0: 321, 1: 358, 2: 367, 3: 352, 4: 337, 5: 313, 6: 339, 7: 360, 8: 333, 9: 342}",1.2467751502990723,0.9347000122070312
client_13,10,"{0: 343, 1: 399, 2: 322, 3: 336, 4: 349, 5: 290, 6: 322, 7: 333, 8: 390, 9: 338}",1.20444917678833,0.9372000098228455
client_14,10,"{0: 334, 1: 437, 2: 336, 3: 341, 4: 347, 5: 326, 6: 309, 7: 335, 8: 326, 9: 331}",1.1822476387023926,0.9401000142097473
client_15,10,"{0: 348, 1: 382, 2: 339, 3: 317, 4: 328, 5: 320, 6: 321, 7: 363, 8: 363, 9: 341}",1.2279555797576904,0.9372000098228455
client_16,10,"{0: 366, 1: 417, 2: 355, 3: 336, 4: 343, 5: 285, 6: 323, 7: 343, 8: 312, 9: 342}",1.1601743698120117,0.9416000247001648
client_17,10,"{0: 327, 1: 410, 2: 340, 3: 363, 4: 328, 5: 303, 6: 337, 7: 340, 8: 313, 9: 361}",1.475586175918579,0.9398000240325928
client_18,10,"{0: 343, 1: 354, 2: 380, 3: 327, 4: 338, 5: 303, 6: 355, 7: 375, 8: 305, 9: 342}",1.217167854309082,0.9398000240325928
client_19,10,"{0: 326, 1: 410, 2: 337, 3: 355, 4: 286, 5: 322, 6: 331, 7: 384, 8: 323, 9: 348}",1.1649680137634277,0.9380000233650208
client_20,10,"{0: 358, 1: 414, 2: 347, 3: 348, 4: 341, 5: 296, 6: 308, 7: 366, 8: 310, 9: 334}",1.213277816772461,0.939300000667572
client_1,11,"{0: 100, 1: 100, 2: 100, 3: 100, 4: 100, 5: 100, 6: 100, 7: 100, 8: 100, 9: 100}",0.5944879055023193,0.9409999847412109
client_2,11,"{0: 100, 1: 30, 2: 40, 3: 200, 4: 10, 5: 50, 6: 70, 7: 90, 8: 60, 9: 20}",0.49951767921447754,0.9355999827384949
client_3,11,"{0: 150, 1: 150, 2: 150, 3: 150, 4: 150, 5: 150, 6: 150, 7: 150, 8: 150, 9: 150}",0.778048038482666,0.9402999877929688
client_4,11,"{0: 50, 1: 50, 2: 50, 3: 50, 4: 50, 5: 50, 6: 50, 7: 50, 8: 50, 9: 50}",0.41525745391845703,0.9426000118255615
client_5,11,"{0: 500, 1: 500, 2: 500, 3: 500, 4: 500, 5: 500, 6: 500, 7: 500, 8: 500, 9: 500}",1.6031782627105713,0.9433000087738037
client_6,11,"{0: 306, 1: 396, 2: 315, 3: 364, 4: 344, 5: 283, 6: 369, 7: 364, 8: 305, 9: 376}",1.2237169742584229,0.9415000081062317
client_7,11,"{0: 333, 1: 366, 2: 335, 3: 343, 4: 320, 5: 302, 6: 349, 7: 364, 8: 369, 9: 341}",1.1524341106414795,0.9416000247001648
client_8,11,"{0: 311, 1: 405, 2: 318, 3: 352, 4: 327, 5: 326, 6: 348, 7: 374, 8: 330, 9: 331}",1.229435682296753,0.9417999982833862
client_9,11,"{0: 320, 1: 362, 2: 365, 3: 343, 4: 351, 5: 328, 6: 358, 7: 347, 8: 337, 9: 311}",1.1750469207763672,0.9352999925613403
client_10,11,"{0: 340, 1: 407, 2: 343, 3: 333, 4: 348, 5: 284, 6: 318, 7: 365, 8: 345, 9: 339}",1.2145531177520752,0.9416999816894531
client_11,11,"{0: 347, 1: 395, 2: 319, 3: 321, 4: 345, 5: 290, 6: 361, 7: 362, 8: 330, 9: 352}",1.2089252471923828,0.9404000043869019
client_12,11,"{0: 321, 1: 358, 2: 367, 3: 352, 4: 337, 5: 313, 6: 339, 7: 360, 8: 333, 9: 342}",1.158475399017334,0.9362999796867371
client_13,11,"{0: 343, 1: 399, 2: 322, 3: 336, 4: 349, 5: 290, 6: 322, 7: 333, 8: 390, 9: 338}",1.249993085861206,0.9395999908447266
client_14,11,"{0: 334, 1: 437, 2: 336, 3: 341, 4: 347, 5: 326, 6: 309, 7: 335, 8: 326, 9: 331}",1.1451599597930908,0.9416999816894531
client_15,11,"{0: 348, 1: 382, 2: 339, 3: 317, 4: 328, 5: 320, 6: 321, 7: 363, 8: 363, 9: 341}",1.21224045753479,0.9398000240325928
client_16,11,"{0: 366, 1: 417, 2: 355, 3: 336, 4: 343, 5: 285, 6: 323, 7: 343, 8: 312, 9: 342}",1.2353191375732422,0.9434000253677368
client_17,11,"{0: 327, 1: 410, 2: 340, 3: 363, 4: 328, 5: 303, 6: 337, 7: 340, 8: 313, 9: 361}",1.2201340198516846,0.9419000148773193
client_18,11,"{0: 343, 1: 354, 2: 380, 3: 327, 4: 338, 5: 303, 6: 355, 7: 375, 8: 305, 9: 342}",1.2619822025299072,0.9420999884605408
client_19,11,"{0: 326, 1: 410, 2: 337, 3: 355, 4: 286, 5: 322, 6: 331, 7: 384, 8: 323, 9: 348}",1.1713097095489502,0.9409999847412109
client_20,11,"{0: 358, 1: 414, 2: 347, 3: 348, 4: 341, 5: 296, 6: 308, 7: 366, 8: 310, 9: 334}",1.233586311340332,0.9419000148773193
client_1,12,"{0: 100, 1: 100, 2: 100, 3: 100, 4: 100, 5: 100, 6: 100, 7: 100, 8: 100, 9: 100}",0.5456163883209229,0.942799985408783
client_2,12,"{0: 100, 1: 30, 2: 40, 3: 200, 4: 10, 5: 50, 6: 70, 7: 90, 8: 60, 9: 20}",0.49174046516418457,0.9372000098228455
client_3,12,"{0: 150, 1: 150, 2: 150, 3: 150, 4: 150, 5: 150, 6: 150, 7: 150, 8: 150, 9: 150}",0.6973834037780762,0.9420999884605408
client_4,12,"{0: 50, 1: 50, 2: 50, 3: 50, 4: 50, 5: 50, 6: 50, 7: 50, 8: 50, 9: 50}",0.48395419120788574,0.9441999793052673
client_5,12,"{0: 500, 1: 500, 2: 500, 3: 500, 4: 500, 5: 500, 6: 500, 7: 500, 8: 500, 9: 500}",1.5888195037841797,0.944599986076355
client_6,12,"{0: 306, 1: 396, 2: 315, 3: 364, 4: 344, 5: 283, 6: 369, 7: 364, 8: 305, 9: 376}",1.2273094654083252,0.9423999786376953
client_7,12,"{0: 333, 1: 366, 2: 335, 3: 343, 4: 320, 5: 302, 6: 349, 7: 364, 8: 369, 9: 341}",1.1901671886444092,0.944599986076355
client_8,12,"{0: 311, 1: 405, 2: 318, 3: 352, 4: 327, 5: 326, 6: 348, 7: 374, 8: 330, 9: 331}",1.2069928646087646,0.9438999891281128
client_9,12,"{0: 320, 1: 362, 2: 365, 3: 343, 4: 351, 5: 328, 6: 358, 7: 347, 8: 337, 9: 311}",1.3106064796447754,0.9380000233650208
client_10,12,"{0: 340, 1: 407, 2: 343, 3: 333, 4: 348, 5: 284, 6: 318, 7: 365, 8: 345, 9: 339}",1.1431756019592285,0.942799985408783
client_11,12,"{0: 347, 1: 395, 2: 319, 3: 321, 4: 345, 5: 290, 6: 361, 7: 362, 8: 330, 9: 352}",1.336017370223999,0.9422000050544739
client_12,12,"{0: 321, 1: 358, 2: 367, 3: 352, 4: 337, 5: 313, 6: 339, 7: 360, 8: 333, 9: 342}",1.238600254058838,0.9380000233650208
client_13,12,"{0: 343, 1: 399, 2: 322, 3: 336, 4: 349, 5: 290, 6: 322, 7: 333, 8: 390, 9: 338}",1.2414443492889404,0.9416999816894531
client_14,12,"{0: 334, 1: 437, 2: 336, 3: 341, 4: 347, 5: 326, 6: 309, 7: 335, 8: 326, 9: 331}",1.266420841217041,0.9437999725341797
client_15,12,"{0: 348, 1: 382, 2: 339, 3: 317, 4: 328, 5: 320, 6: 321, 7: 363, 8: 363, 9: 341}",1.0487031936645508,0.9412999749183655
client_16,12,"{0: 366, 1: 417, 2: 355, 3: 336, 4: 343, 5: 285, 6: 323, 7: 343, 8: 312, 9: 342}",1.039013147354126,0.945900022983551
client_17,12,"{0: 327, 1: 410, 2: 340, 3: 363, 4: 328, 5: 303, 6: 337, 7: 340, 8: 313, 9: 361}",1.0289256572723389,0.9437000155448914
client_18,12,"{0: 343, 1: 354, 2: 380, 3: 327, 4: 338, 5: 303, 6: 355, 7: 375, 8: 305, 9: 342}",1.0329346656799316,0.9434999823570251
client_19,12,"{0: 326, 1: 410, 2: 337, 3: 355, 4: 286, 5: 322, 6: 331, 7: 384, 8: 323, 9: 348}",1.0304570198059082,0.9416999816894531
client_20,12,"{0: 358, 1: 414, 2: 347, 3: 348, 4: 341, 5: 296, 6: 308, 7: 366, 8: 310, 9: 334}",1.0298922061920166,0.9435999989509583
client_1,13,"{0: 100, 1: 100, 2: 100, 3: 100, 4: 100, 5: 100, 6: 100, 7: 100, 8: 100, 9: 100}",0.5131688117980957,0.9444000124931335
client_2,13,"{0: 100, 1: 30, 2: 40, 3: 200, 4: 10, 5: 50, 6: 70, 7: 90, 8: 60, 9: 20}",0.44527220726013184,0.9395999908447266
client_3,13,"{0: 150, 1: 150, 2: 150, 3: 150, 4: 150, 5: 150, 6: 150, 7: 150, 8: 150, 9: 150}",0.6148772239685059,0.944599986076355
client_4,13,"{0: 50, 1: 50, 2: 50, 3: 50, 4: 50, 5: 50, 6: 50, 7: 50, 8: 50, 9: 50}",0.40070366859436035,0.946399986743927
client_5,13,"{0: 500, 1: 500, 2: 500, 3: 500, 4: 500, 5: 500, 6: 500, 7: 500, 8: 500, 9: 500}",1.3646979331970215,0.9466000199317932
client_6,13,"{0: 306, 1: 396, 2: 315, 3: 364, 4: 344, 5: 283, 6: 369, 7: 364, 8: 305, 9: 376}",1.0250020027160645,0.9445000290870667
client_7,13,"{0: 333, 1: 366, 2: 335, 3: 343, 4: 320, 5: 302, 6: 349, 7: 364, 8: 369, 9: 341}",1.0296554565429688,0.9460999965667725
client_8,13,"{0: 311, 1: 405, 2: 318, 3: 352, 4: 327, 5: 326, 6: 348, 7: 374, 8: 330, 9: 331}",1.0208351612091064,0.9460999965667725
client_9,13,"{0: 320, 1: 362, 2: 365, 3: 343, 4: 351, 5: 328, 6: 358, 7: 347, 8: 337, 9: 311}",1.0325794219970703,0.9401999711990356
client_10,13,"{0: 340, 1: 407, 2: 343, 3: 333, 4: 348, 5: 284, 6: 318, 7: 365, 8: 345, 9: 339}",1.0284738540649414,0.9438999891281128
client_11,13,"{0: 347, 1: 395, 2: 319, 3: 321, 4: 345, 5: 290, 6: 361, 7: 362, 8: 330, 9: 352}",1.0434281826019287,0.9434999823570251
client_12,13,"{0: 321, 1: 358, 2: 367, 3: 352, 4: 337, 5: 313, 6: 339, 7: 360, 8: 333, 9: 342}",1.0217537879943848,0.9390000104904175
client_13,13,"{0: 343, 1: 399, 2: 322, 3: 336, 4: 349, 5: 290, 6: 322, 7: 333, 8: 390, 9: 338}",1.0396485328674316,0.9440000057220459
client_14,13,"{0: 334, 1: 437, 2: 336, 3: 341, 4: 347, 5: 326, 6: 309, 7: 335, 8: 326, 9: 331}",1.01851224899292,0.9448000192642212
client_15,13,"{0: 348, 1: 382, 2: 339, 3: 317, 4: 328, 5: 320, 6: 321, 7: 363, 8: 363, 9: 341}",1.0318975448608398,0.9429000020027161
client_16,13,"{0: 366, 1: 417, 2: 355, 3: 336, 4: 343, 5: 285, 6: 323, 7: 343, 8: 312, 9: 342}",1.0277793407440186,0.9473999738693237
client_17,13,"{0: 327, 1: 410, 2: 340, 3: 363, 4: 328, 5: 303, 6: 337, 7: 340, 8: 313, 9: 361}",1.0344512462615967,0.9452000260353088
client_18,13,"{0: 343, 1: 354, 2: 380, 3: 327, 4: 338, 5: 303, 6: 355, 7: 375, 8: 305, 9: 342}",1.0250341892242432,0.9456999897956848
client_19,13,"{0: 326, 1: 410, 2: 337, 3: 355, 4: 286, 5: 322, 6: 331, 7: 384, 8: 323, 9: 348}",1.0403475761413574,0.9430000185966492
client_20,13,"{0: 358, 1: 414, 2: 347, 3: 348, 4: 341, 5: 296, 6: 308, 7: 366, 8: 310, 9: 334}",1.0403320789337158,0.9452000260353088
client_1,14,"{0: 100, 1: 100, 2: 100, 3: 100, 4: 100, 5: 100, 6: 100, 7: 100, 8: 100, 9: 100}",0.5184023380279541,0.946399986743927
client_2,14,"{0: 100, 1: 30, 2: 40, 3: 200, 4: 10, 5: 50, 6: 70, 7: 90, 8: 60, 9: 20}",0.43465113639831543,0.9401999711990356
client_3,14,"{0: 150, 1: 150, 2: 150, 3: 150, 4: 150, 5: 150, 6: 150, 7: 150, 8: 150, 9: 150}",0.6238489151000977,0.9463000297546387
client_4,14,"{0: 50, 1: 50, 2: 50, 3: 50, 4: 50, 5: 50, 6: 50, 7: 50, 8: 50, 9: 50}",0.4028034210205078,0.9480999708175659
client_5,14,"{0: 500, 1: 500, 2: 500, 3: 500, 4: 500, 5: 500, 6: 500, 7: 500, 8: 500, 9: 500}",1.3503222465515137,0.9485999941825867
client_6,14,"{0: 306, 1: 396, 2: 315, 3: 364, 4: 344, 5: 283, 6: 369, 7: 364, 8: 305, 9: 376}",1.0321333408355713,0.9452000260353088
client_7,14,"{0: 333, 1: 366, 2: 335, 3: 343, 4: 320, 5: 302, 6: 349, 7: 364, 8: 369, 9: 341}",1.0486295223236084,0.9477999806404114
client_8,14,"{0: 311, 1: 405, 2: 318, 3: 352, 4: 327, 5: 326, 6: 348, 7: 374, 8: 330, 9: 331}",1.0488839149475098,0.9476000070571899
client_9,14,"{0: 320, 1: 362, 2: 365, 3: 343, 4: 351, 5: 328, 6: 358, 7: 347, 8: 337, 9: 311}",1.0833430290222168,0.9409999847412109
client_10,14,"{0: 340, 1: 407, 2: 343, 3: 333, 4: 348, 5: 284, 6: 318, 7: 365, 8: 345, 9: 339}",1.0361831188201904,0.9455000162124634
client_11,14,"{0: 347, 1: 395, 2: 319, 3: 321, 4: 345, 5: 290, 6: 361, 7: 362, 8: 330, 9: 352}",1.0299861431121826,0.944599986076355
client_12,14,"{0: 321, 1: 358, 2: 367, 3: 352, 4: 337, 5: 313, 6: 339, 7: 360, 8: 333, 9: 342}",1.0460560321807861,0.9398999810218811
client_13,14,"{0: 343, 1: 399, 2: 322, 3: 336, 4: 349, 5: 290, 6: 322, 7: 333, 8: 390, 9: 338}",1.0297207832336426,0.9451000094413757
client_14,14,"{0: 334, 1: 437, 2: 336, 3: 341, 4: 347, 5: 326, 6: 309, 7: 335, 8: 326, 9: 331}",1.0344045162200928,0.9466000199317932
client_15,14,"{0: 348, 1: 382, 2: 339, 3: 317, 4: 328, 5: 320, 6: 321, 7: 363, 8: 363, 9: 341}",1.0429043769836426,0.9437000155448914
client_16,14,"{0: 366, 1: 417, 2: 355, 3: 336, 4: 343, 5: 285, 6: 323, 7: 343, 8: 312, 9: 342}",1.036975622177124,0.9485999941825867
client_17,14,"{0: 327, 1: 410, 2: 340, 3: 363, 4: 328, 5: 303, 6: 337, 7: 340, 8: 313, 9: 361}",1.053670883178711,0.9466000199317932
client_18,14,"{0: 343, 1: 354, 2: 380, 3: 327, 4: 338, 5: 303, 6: 355, 7: 375, 8: 305, 9: 342}",1.0405049324035645,0.9466999769210815
client_19,14,"{0: 326, 1: 410, 2: 337, 3: 355, 4: 286, 5: 322, 6: 331, 7: 384, 8: 323, 9: 348}",1.0293676853179932,0.944599986076355
client_20,14,"{0: 358, 1: 414, 2: 347, 3: 348, 4: 341, 5: 296, 6: 308, 7: 366, 8: 310, 9: 334}",1.0442290306091309,0.946399986743927
client_1,15,"{0: 100, 1: 100, 2: 100, 3: 100, 4: 100, 5: 100, 6: 100, 7: 100, 8: 100, 9: 100}",0.5118663311004639,0.947700023651123
client_2,15,"{0: 100, 1: 30, 2: 40, 3: 200, 4: 10, 5: 50, 6: 70, 7: 90, 8: 60, 9: 20}",0.44400763511657715,0.9412999749183655
client_3,15,"{0: 150, 1: 150, 2: 150, 3: 150, 4: 150, 5: 150, 6: 150, 7: 150, 8: 150, 9: 150}",0.6382811069488525,0.9473000168800354
client_4,15,"{0: 50, 1: 50, 2: 50, 3: 50, 4: 50, 5: 50, 6: 50, 7: 50, 8: 50, 9: 50}",0.40324926376342773,0.9492999911308289
client_5,15,"{0: 500, 1: 500, 2: 500, 3: 500, 4: 500, 5: 500, 6: 500, 7: 500, 8: 500, 9: 500}",1.3631021976470947,0.9498000144958496
client_6,15,"{0: 306, 1: 396, 2: 315, 3: 364, 4: 344, 5: 283, 6: 369, 7: 364, 8: 305, 9: 376}",1.0323326587677002,0.9470000267028809
client_7,15,"{0: 333, 1: 366, 2: 335, 3: 343, 4: 320, 5: 302, 6: 349, 7: 364, 8: 369, 9: 341}",1.0351428985595703,0.9495000243186951
client_8,15,"{0: 311, 1: 405, 2: 318, 3: 352, 4: 327, 5: 326, 6: 348, 7: 374, 8: 330, 9: 331}",1.0294551849365234,0.9484999775886536
client_9,15,"{0: 320, 1: 362, 2: 365, 3: 343, 4: 351, 5: 328, 6: 358, 7: 347, 8: 337, 9: 311}",1.047502040863037,0.9426000118255615
client_10,15,"{0: 340, 1: 407, 2: 343, 3: 333, 4: 348, 5: 284, 6: 318, 7: 365, 8: 345, 9: 339}",1.0355794429779053,0.9473999738693237
client_11,15,"{0: 347, 1: 395, 2: 319, 3: 321, 4: 345, 5: 290, 6: 361, 7: 362, 8: 330, 9: 352}",1.039327621459961,0.9462000131607056
client_12,15,"{0: 321, 1: 358, 2: 367, 3: 352, 4: 337, 5: 313, 6: 339, 7: 360, 8: 333, 9: 342}",1.0262649059295654,0.9417999982833862
client_13,15,"{0: 343, 1: 399, 2: 322, 3: 336, 4: 349, 5: 290, 6: 322, 7: 333, 8: 390, 9: 338}",1.039520502090454,0.9466000199317932
client_14,15,"{0: 334, 1: 437, 2: 336, 3: 341, 4: 347, 5: 326, 6: 309, 7: 335, 8: 326, 9: 331}",1.0378961563110352,0.9485999941825867
client_15,15,"{0: 348, 1: 382, 2: 339, 3: 317, 4: 328, 5: 320, 6: 321, 7: 363, 8: 363, 9: 341}",1.0369887351989746,0.9451000094413757
client_16,15,"{0: 366, 1: 417, 2: 355, 3: 336, 4: 343, 5: 285, 6: 323, 7: 343, 8: 312, 9: 342}",1.0315818786621094,0.9495999813079834
client_17,15,"{0: 327, 1: 410, 2: 340, 3: 363, 4: 328, 5: 303, 6: 337, 7: 340, 8: 313, 9: 361}",1.0398201942443848,0.9484999775886536
client_18,15,"{0: 343, 1: 354, 2: 380, 3: 327, 4: 338, 5: 303, 6: 355, 7: 375, 8: 305, 9: 342}",1.02769136428833,0.9485999941825867
client_19,15,"{0: 326, 1: 410, 2: 337, 3: 355, 4: 286, 5: 322, 6: 331, 7: 384, 8: 323, 9: 348}",1.0389213562011719,0.9455999732017517
client_20,15,"{0: 358, 1: 414, 2: 347, 3: 348, 4: 341, 5: 296, 6: 308, 7: 366, 8: 310, 9: 334}",1.0279006958007812,0.9476000070571899
client_1,16,"{0: 100, 1: 100, 2: 100, 3: 100, 4: 100, 5: 100, 6: 100, 7: 100, 8: 100, 9: 100}",0.5182831287384033,0.949400007724762
client_2,16,"{0: 100, 1: 30, 2: 40, 3: 200, 4: 10, 5: 50, 6: 70, 7: 90, 8: 60, 9: 20}",0.4472541809082031,0.9431999921798706
client_3,16,"{0: 150, 1: 150, 2: 150, 3: 150, 4: 150, 5: 150, 6: 150, 7: 150, 8: 150, 9: 150}",0.610083818435669,0.9492999911308289
client_4,16,"{0: 50, 1: 50, 2: 50, 3: 50, 4: 50, 5: 50, 6: 50, 7: 50, 8: 50, 9: 50}",0.4004194736480713,0.9510999917984009
client_5,16,"{0: 500, 1: 500, 2: 500, 3: 500, 4: 500, 5: 500, 6: 500, 7: 500, 8: 500, 9: 500}",1.3667755126953125,0.953000009059906
client_6,16,"{0: 306, 1: 396, 2: 315, 3: 364, 4: 344, 5: 283, 6: 369, 7: 364, 8: 305, 9: 376}",1.036015510559082,0.9485999941825867
client_7,16,"{0: 333, 1: 366, 2: 335, 3: 343, 4: 320, 5: 302, 6: 349, 7: 364, 8: 369, 9: 341}",1.0296897888183594,0.949999988079071
client_8,16,"{0: 311, 1: 405, 2: 318, 3: 352, 4: 327, 5: 326, 6: 348, 7: 374, 8: 330, 9: 331}",1.035093069076538,0.9510999917984009
client_9,16,"{0: 320, 1: 362, 2: 365, 3: 343, 4: 351, 5: 328, 6: 358, 7: 347, 8: 337, 9: 311}",1.0438778400421143,0.9448000192642212
client_10,16,"{0: 340, 1: 407, 2: 343, 3: 333, 4: 348, 5: 284, 6: 318, 7: 365, 8: 345, 9: 339}",1.032020092010498,0.9483000040054321
client_11,16,"{0: 347, 1: 395, 2: 319, 3: 321, 4: 345, 5: 290, 6: 361, 7: 362, 8: 330, 9: 352}",1.0348997116088867,0.9480000138282776
client_12,16,"{0: 321, 1: 358, 2: 367, 3: 352, 4: 337, 5: 313, 6: 339, 7: 360, 8: 333, 9: 342}",1.0433170795440674,0.9430999755859375
client_13,16,"{0: 343, 1: 399, 2: 322, 3: 336, 4: 349, 5: 290, 6: 322, 7: 333, 8: 390, 9: 338}",1.0479681491851807,0.9477999806404114
client_14,16,"{0: 334, 1: 437, 2: 336, 3: 341, 4: 347, 5: 326, 6: 309, 7: 335, 8: 326, 9: 331}",1.0565614700317383,0.9501000046730042
client_15,16,"{0: 348, 1: 382, 2: 339, 3: 317, 4: 328, 5: 320, 6: 321, 7: 363, 8: 363, 9: 341}",1.03389310836792,0.9469000101089478
client_16,16,"{0: 366, 1: 417, 2: 355, 3: 336, 4: 343, 5: 285, 6: 323, 7: 343, 8: 312, 9: 342}",1.0409040451049805,0.9506999850273132
client_17,16,"{0: 327, 1: 410, 2: 340, 3: 363, 4: 328, 5: 303, 6: 337, 7: 340, 8: 313, 9: 361}",1.025510311126709,0.9495999813079834
client_18,16,"{0: 343, 1: 354, 2: 380, 3: 327, 4: 338, 5: 303, 6: 355, 7: 375, 8: 305, 9: 342}",1.0388514995574951,0.9491000175476074
client_19,16,"{0: 326, 1: 410, 2: 337, 3: 355, 4: 286, 5: 322, 6: 331, 7: 384, 8: 323, 9: 348}",1.0326483249664307,0.9472000002861023
client_20,16,"{0: 358, 1: 414, 2: 347, 3: 348, 4: 341, 5: 296, 6: 308, 7: 366, 8: 310, 9: 334}",1.0506904125213623,0.9506000280380249
client_1,17,"{0: 100, 1: 100, 2: 100, 3: 100, 4: 100, 5: 100, 6: 100, 7: 100, 8: 100, 9: 100}",0.5115928649902344,0.9509000182151794
client_2,17,"{0: 100, 1: 30, 2: 40, 3: 200, 4: 10, 5: 50, 6: 70, 7: 90, 8: 60, 9: 20}",0.44257307052612305,0.944100022315979
client_3,17,"{0: 150, 1: 150, 2: 150, 3: 150, 4: 150, 5: 150, 6: 150, 7: 150, 8: 150, 9: 150}",0.6160078048706055,0.9492999911308289
client_4,17,"{0: 50, 1: 50, 2: 50, 3: 50, 4: 50, 5: 50, 6: 50, 7: 50, 8: 50, 9: 50}",0.4006180763244629,0.9521999955177307
client_5,17,"{0: 500, 1: 500, 2: 500, 3: 500, 4: 500, 5: 500, 6: 500, 7: 500, 8: 500, 9: 500}",1.342245101928711,0.9542999863624573
client_6,17,"{0: 306, 1: 396, 2: 315, 3: 364, 4: 344, 5: 283, 6: 369, 7: 364, 8: 305, 9: 376}",1.0190234184265137,0.9498999714851379
client_7,17,"{0: 333, 1: 366, 2: 335, 3: 343, 4: 320, 5: 302, 6: 349, 7: 364, 8: 369, 9: 341}",1.0280373096466064,0.9513000249862671
client_8,17,"{0: 311, 1: 405, 2: 318, 3: 352, 4: 327, 5: 326, 6: 348, 7: 374, 8: 330, 9: 331}",1.035860300064087,0.9519000053405762
client_9,17,"{0: 320, 1: 362, 2: 365, 3: 343, 4: 351, 5: 328, 6: 358, 7: 347, 8: 337, 9: 311}",1.03985595703125,0.9459999799728394
client_10,17,"{0: 340, 1: 407, 2: 343, 3: 333, 4: 348, 5: 284, 6: 318, 7: 365, 8: 345, 9: 339}",1.0316054821014404,0.9498000144958496
client_11,17,"{0: 347, 1: 395, 2: 319, 3: 321, 4: 345, 5: 290, 6: 361, 7: 362, 8: 330, 9: 352}",1.0498058795928955,0.949400007724762
client_12,17,"{0: 321, 1: 358, 2: 367, 3: 352, 4: 337, 5: 313, 6: 339, 7: 360, 8: 333, 9: 342}",1.0299630165100098,0.9437999725341797
client_13,17,"{0: 343, 1: 399, 2: 322, 3: 336, 4: 349, 5: 290, 6: 322, 7: 333, 8: 390, 9: 338}",1.0413122177124023,0.9490000009536743
client_14,17,"{0: 334, 1: 437, 2: 336, 3: 341, 4: 347, 5: 326, 6: 309, 7: 335, 8: 326, 9: 331}",1.0385825634002686,0.951200008392334
client_15,17,"{0: 348, 1: 382, 2: 339, 3: 317, 4: 328, 5: 320, 6: 321, 7: 363, 8: 363, 9: 341}",1.0434372425079346,0.948199987411499
client_16,17,"{0: 366, 1: 417, 2: 355, 3: 336, 4: 343, 5: 285, 6: 323, 7: 343, 8: 312, 9: 342}",1.0316691398620605,0.9528999924659729
client_17,17,"{0: 327, 1: 410, 2: 340, 3: 363, 4: 328, 5: 303, 6: 337, 7: 340, 8: 313, 9: 361}",1.0330097675323486,0.9508000016212463
client_18,17,"{0: 343, 1: 354, 2: 380, 3: 327, 4: 338, 5: 303, 6: 355, 7: 375, 8: 305, 9: 342}",1.0374274253845215,0.9498000144958496
client_19,17,"{0: 326, 1: 410, 2: 337, 3: 355, 4: 286, 5: 322, 6: 331, 7: 384, 8: 323, 9: 348}",1.040489912033081,0.9483000040054321
client_20,17,"{0: 358, 1: 414, 2: 347, 3: 348, 4: 341, 5: 296, 6: 308, 7: 366, 8: 310, 9: 334}",1.0316720008850098,0.9513000249862671
client_1,18,"{0: 100, 1: 100, 2: 100, 3: 100, 4: 100, 5: 100, 6: 100, 7: 100, 8: 100, 9: 100}",0.5216245651245117,0.9520999789237976
client_2,18,"{0: 100, 1: 30, 2: 40, 3: 200, 4: 10, 5: 50, 6: 70, 7: 90, 8: 60, 9: 20}",0.435208797454834,0.9453999996185303
client_3,18,"{0: 150, 1: 150, 2: 150, 3: 150, 4: 150, 5: 150, 6: 150, 7: 150, 8: 150, 9: 150}",0.6279137134552002,0.9505000114440918
client_4,18,"{0: 50, 1: 50, 2: 50, 3: 50, 4: 50, 5: 50, 6: 50, 7: 50, 8: 50, 9: 50}",0.4028971195220947,0.9532999992370605
client_5,18,"{0: 500, 1: 500, 2: 500, 3: 500, 4: 500, 5: 500, 6: 500, 7: 500, 8: 500, 9: 500}",1.3473565578460693,0.9549999833106995
client_6,18,"{0: 306, 1: 396, 2: 315, 3: 364, 4: 344, 5: 283, 6: 369, 7: 364, 8: 305, 9: 376}",1.0299453735351562,0.9513999819755554
client_7,18,"{0: 333, 1: 366, 2: 335, 3: 343, 4: 320, 5: 302, 6: 349, 7: 364, 8: 369, 9: 341}",1.0349228382110596,0.9527000188827515
client_8,18,"{0: 311, 1: 405, 2: 318, 3: 352, 4: 327, 5: 326, 6: 348, 7: 374, 8: 330, 9: 331}",1.032733678817749,0.9526000022888184
client_9,18,"{0: 320, 1: 362, 2: 365, 3: 343, 4: 351, 5: 328, 6: 358, 7: 347, 8: 337, 9: 311}",1.0201003551483154,0.9473999738693237
client_10,18,"{0: 340, 1: 407, 2: 343, 3: 333, 4: 348, 5: 284, 6: 318, 7: 365, 8: 345, 9: 339}",1.026627779006958,0.9508000016212463
client_11,18,"{0: 347, 1: 395, 2: 319, 3: 321, 4: 345, 5: 290, 6: 361, 7: 362, 8: 330, 9: 352}",1.030766248703003,0.9502000212669373
client_12,18,"{0: 321, 1: 358, 2: 367, 3: 352, 4: 337, 5: 313, 6: 339, 7: 360, 8: 333, 9: 342}",1.0322892665863037,0.9448000192642212
client_13,18,"{0: 343, 1: 399, 2: 322, 3: 336, 4: 349, 5: 290, 6: 322, 7: 333, 8: 390, 9: 338}",1.0577354431152344,0.9495999813079834
client_14,18,"{0: 334, 1: 437, 2: 336, 3: 341, 4: 347, 5: 326, 6: 309, 7: 335, 8: 326, 9: 331}",1.0345258712768555,0.9527000188827515
client_15,18,"{0: 348, 1: 382, 2: 339, 3: 317, 4: 328, 5: 320, 6: 321, 7: 363, 8: 363, 9: 341}",1.0651295185089111,0.9495000243186951
client_16,18,"{0: 366, 1: 417, 2: 355, 3: 336, 4: 343, 5: 285, 6: 323, 7: 343, 8: 312, 9: 342}",1.038529872894287,0.9541000127792358
client_17,18,"{0: 327, 1: 410, 2: 340, 3: 363, 4: 328, 5: 303, 6: 337, 7: 340, 8: 313, 9: 361}",1.0314412117004395,0.9516000151634216
client_18,18,"{0: 343, 1: 354, 2: 380, 3: 327, 4: 338, 5: 303, 6: 355, 7: 375, 8: 305, 9: 342}",1.0250353813171387,0.9506999850273132
client_19,18,"{0: 326, 1: 410, 2: 337, 3: 355, 4: 286, 5: 322, 6: 331, 7: 384, 8: 323, 9: 348}",1.0285131931304932,0.9495999813079834
client_20,18,"{0: 358, 1: 414, 2: 347, 3: 348, 4: 341, 5: 296, 6: 308, 7: 366, 8: 310, 9: 334}",1.0296528339385986,0.9519000053405762
client_1,19,"{0: 100, 1: 100, 2: 100, 3: 100, 4: 100, 5: 100, 6: 100, 7: 100, 8: 100, 9: 100}",0.5149374008178711,0.9531999826431274
client_2,19,"{0: 100, 1: 30, 2: 40, 3: 200, 4: 10, 5: 50, 6: 70, 7: 90, 8: 60, 9: 20}",0.43271398544311523,0.9465000033378601
client_3,19,"{0: 150, 1: 150, 2: 150, 3: 150, 4: 150, 5: 150, 6: 150, 7: 150, 8: 150, 9: 150}",0.602379560470581,0.9521999955177307
client_4,19,"{0: 50, 1: 50, 2: 50, 3: 50, 4: 50, 5: 50, 6: 50, 7: 50, 8: 50, 9: 50}",0.398052453994751,0.9552000164985657
client_5,19,"{0: 500, 1: 500, 2: 500, 3: 500, 4: 500, 5: 500, 6: 500, 7: 500, 8: 500, 9: 500}",1.3293731212615967,0.9559999704360962
client_6,19,"{0: 306, 1: 396, 2: 315, 3: 364, 4: 344, 5: 283, 6: 369, 7: 364, 8: 305, 9: 376}",1.026285171508789,0.9527999758720398
client_7,19,"{0: 333, 1: 366, 2: 335, 3: 343, 4: 320, 5: 302, 6: 349, 7: 364, 8: 369, 9: 341}",1.0121850967407227,0.9532999992370605
client_8,19,"{0: 311, 1: 405, 2: 318, 3: 352, 4: 327, 5: 326, 6: 348, 7: 374, 8: 330, 9: 331}",1.0234043598175049,0.953000009059906
client_9,19,"{0: 320, 1: 362, 2: 365, 3: 343, 4: 351, 5: 328, 6: 358, 7: 347, 8: 337, 9: 311}",1.0185589790344238,0.9484000205993652
client_10,19,"{0: 340, 1: 407, 2: 343, 3: 333, 4: 348, 5: 284, 6: 318, 7: 365, 8: 345, 9: 339}",1.0333671569824219,0.95169997215271
client_11,19,"{0: 347, 1: 395, 2: 319, 3: 321, 4: 345, 5: 290, 6: 361, 7: 362, 8: 330, 9: 352}",1.0100007057189941,0.9513999819755554
client_12,19,"{0: 321, 1: 358, 2: 367, 3: 352, 4: 337, 5: 313, 6: 339, 7: 360, 8: 333, 9: 342}",1.0633220672607422,0.9460999965667725
client_13,19,"{0: 343, 1: 399, 2: 322, 3: 336, 4: 349, 5: 290, 6: 322, 7: 333, 8: 390, 9: 338}",1.0345053672790527,0.9506999850273132
client_14,19,"{0: 334, 1: 437, 2: 336, 3: 341, 4: 347, 5: 326, 6: 309, 7: 335, 8: 326, 9: 331}",1.0421080589294434,0.9538999795913696
client_15,19,"{0: 348, 1: 382, 2: 339, 3: 317, 4: 328, 5: 320, 6: 321, 7: 363, 8: 363, 9: 341}",1.0271639823913574,0.9506000280380249
client_16,19,"{0: 366, 1: 417, 2: 355, 3: 336, 4: 343, 5: 285, 6: 323, 7: 343, 8: 312, 9: 342}",1.0224177837371826,0.9556000232696533
client_17,19,"{0: 327, 1: 410, 2: 340, 3: 363, 4: 328, 5: 303, 6: 337, 7: 340, 8: 313, 9: 361}",1.011826992034912,0.9535999894142151
client_18,19,"{0: 343, 1: 354, 2: 380, 3: 327, 4: 338, 5: 303, 6: 355, 7: 375, 8: 305, 9: 342}",1.0355942249298096,0.95169997215271
client_19,19,"{0: 326, 1: 410, 2: 337, 3: 355, 4: 286, 5: 322, 6: 331, 7: 384, 8: 323, 9: 348}",1.023193597793579,0.9502999782562256
client_20,19,"{0: 358, 1: 414, 2: 347, 3: 348, 4: 341, 5: 296, 6: 308, 7: 366, 8: 310, 9: 334}",1.050732135772705,0.953000009059906
client_1,20,"{0: 100, 1: 100, 2: 100, 3: 100, 4: 100, 5: 100, 6: 100, 7: 100, 8: 100, 9: 100}",0.5094022750854492,0.9537000060081482
client_2,20,"{0: 100, 1: 30, 2: 40, 3: 200, 4: 10, 5: 50, 6: 70, 7: 90, 8: 60, 9: 20}",0.43756794929504395,0.9484000205993652
client_3,20,"{0: 150, 1: 150, 2: 150, 3: 150, 4: 150, 5: 150, 6: 150, 7: 150, 8: 150, 9: 150}",0.6133768558502197,0.9531000256538391
client_4,20,"{0: 50, 1: 50, 2: 50, 3: 50, 4: 50, 5: 50, 6: 50, 7: 50, 8: 50, 9: 50}",0.40027856826782227,0.9562000036239624
client_5,20,"{0: 500, 1: 500, 2: 500, 3: 500, 4: 500, 5: 500, 6: 500, 7: 500, 8: 500, 9: 500}",1.3603484630584717,0.957099974155426
client_6,20,"{0: 306, 1: 396, 2: 315, 3: 364, 4: 344, 5: 283, 6: 369, 7: 364, 8: 305, 9: 376}",1.0164713859558105,0.9534000158309937
client_7,20,"{0: 333, 1: 366, 2: 335, 3: 343, 4: 320, 5: 302, 6: 349, 7: 364, 8: 369, 9: 341}",1.036715030670166,0.9544000029563904
client_8,20,"{0: 311, 1: 405, 2: 318, 3: 352, 4: 327, 5: 326, 6: 348, 7: 374, 8: 330, 9: 331}",1.0162339210510254,0.9546999931335449
client_9,20,"{0: 320, 1: 362, 2: 365, 3: 343, 4: 351, 5: 328, 6: 358, 7: 347, 8: 337, 9: 311}",1.0287182331085205,0.9495000243186951
client_10,20,"{0: 340, 1: 407, 2: 343, 3: 333, 4: 348, 5: 284, 6: 318, 7: 365, 8: 345, 9: 339}",1.026832103729248,0.9527999758720398
client_11,20,"{0: 347, 1: 395, 2: 319, 3: 321, 4: 345, 5: 290, 6: 361, 7: 362, 8: 330, 9: 352}",1.036299705505371,0.953000009059906
client_12,20,"{0: 321, 1: 358, 2: 367, 3: 352, 4: 337, 5: 313, 6: 339, 7: 360, 8: 333, 9: 342}",1.0275301933288574,0.9465000033378601
client_13,20,"{0: 343, 1: 399, 2: 322, 3: 336, 4: 349, 5: 290, 6: 322, 7: 333, 8: 390, 9: 338}",1.0233614444732666,0.9520000219345093
client_14,20,"{0: 334, 1: 437, 2: 336, 3: 341, 4: 347, 5: 326, 6: 309, 7: 335, 8: 326, 9: 331}",1.0258309841156006,0.9545000195503235
client_15,20,"{0: 348, 1: 382, 2: 339, 3: 317, 4: 328, 5: 320, 6: 321, 7: 363, 8: 363, 9: 341}",1.0310814380645752,0.951200008392334
client_16,20,"{0: 366, 1: 417, 2: 355, 3: 336, 4: 343, 5: 285, 6: 323, 7: 343, 8: 312, 9: 342}",1.0283136367797852,0.9567000269889832
client_17,20,"{0: 327, 1: 410, 2: 340, 3: 363, 4: 328, 5: 303, 6: 337, 7: 340, 8: 313, 9: 361}",1.03261399269104,0.9535999894142151
client_18,20,"{0: 343, 1: 354, 2: 380, 3: 327, 4: 338, 5: 303, 6: 355, 7: 375, 8: 305, 9: 342}",1.160698413848877,0.9519000053405762
client_19,20,"{0: 326, 1: 410, 2: 337, 3: 355, 4: 286, 5: 322, 6: 331, 7: 384, 8: 323, 9: 348}",1.3187260627746582,0.9516000151634216
client_20,20,"{0: 358, 1: 414, 2: 347, 3: 348, 4: 341, 5: 296, 6: 308, 7: 366, 8: 310, 9: 334}",1.3604648113250732,0.9538999795913696
