run_id,round,client_id,Data_Distribution,Computation_Time,Quality_Factor,cpu_utilization,memory_utilization,memory_used_mb,gpu_memory_used_mb,gpu_utilization,availability_flag,dataset,task_type,model_type,learning_rate,batch_size,local_epochs
mnist_123_20251105_190127,1,client_1,"{0: 100, 1: 100, 2: 100, 3: 100, 4: 100, 5: 100, 6: 100, 7: 100, 8: 100, 9: 100}",0.6377859115600586,0.689300000667572,17.700000000000003,64.45,20990.5234375,0.0,0.0,1,mnist,classification,cnn,0.01,32,3
mnist_123_20251105_190127,1,client_2,"{0: 100, 1: 30, 2: 40, 3: 200, 4: 10, 5: 50, 6: 70, 7: 90, 8: 60, 9: 20}",0.46439409255981445,0.2870999872684479,16.1,64.65,21002.30859375,0.0,0.0,1,mnist,classification,cnn,0.01,32,3
mnist_123_20251105_190127,1,client_3,"{0: 150, 1: 150, 2: 150, 3: 150, 4: 150, 5: 150, 6: 150, 7: 150, 8: 150, 9: 150}",0.6189918518066406,0.7717999815940857,16.6,64.7,21024.8125,0.0,0.0,1,mnist,classification,cnn,0.01,32,3
mnist_123_20251105_190127,1,client_4,"{0: 50, 1: 50, 2: 50, 3: 50, 4: 50, 5: 50, 6: 50, 7: 50, 8: 50, 9: 50}",0.4115023612976074,0.4471000134944916,12.0,64.75,21043.34375,0.0,0.0,1,mnist,classification,cnn,0.01,32,3
mnist_123_20251105_190127,1,client_5,"{0: 500, 1: 500, 2: 500, 3: 500, 4: 500, 5: 500, 6: 500, 7: 500, 8: 500, 9: 500}",1.4775171279907227,0.8942000269889832,24.15,64.85,21085.5078125,0.0,0.0,1,mnist,classification,cnn,0.01,32,3
mnist_123_20251105_190127,1,client_6,"{0: 306, 1: 396, 2: 315, 3: 364, 4: 344, 5: 283, 6: 369, 7: 364, 8: 305, 9: 376}",1.0672788619995117,0.8726999759674072,20.8,64.9,21094.734375,0.0,0.0,1,mnist,classification,cnn,0.01,32,3
mnist_123_20251105_190127,1,client_7,"{0: 333, 1: 366, 2: 335, 3: 343, 4: 320, 5: 302, 6: 349, 7: 364, 8: 369, 9: 341}",1.0583226680755615,0.8794000148773193,18.1,64.95,21106.33203125,0.0,0.0,1,mnist,classification,cnn,0.01,32,3
mnist_123_20251105_190127,1,client_8,"{0: 311, 1: 405, 2: 318, 3: 352, 4: 327, 5: 326, 6: 348, 7: 374, 8: 330, 9: 331}",1.062117338180542,0.8720999956130981,19.4,65.0,21123.82421875,0.0,0.0,1,mnist,classification,cnn,0.01,32,3
mnist_123_20251105_190127,1,client_9,"{0: 320, 1: 362, 2: 365, 3: 343, 4: 351, 5: 328, 6: 358, 7: 347, 8: 337, 9: 311}",1.0450148582458496,0.8567000031471252,23.6,65.05,21149.44140625,0.0,0.0,1,mnist,classification,cnn,0.01,32,3
mnist_123_20251105_190127,1,client_10,"{0: 340, 1: 407, 2: 343, 3: 333, 4: 348, 5: 284, 6: 318, 7: 365, 8: 345, 9: 339}",1.0604407787322998,0.8709999918937683,17.35,65.15,21163.3125,0.0,0.0,1,mnist,classification,cnn,0.01,32,3
mnist_123_20251105_190127,1,client_11,"{0: 347, 1: 395, 2: 319, 3: 321, 4: 345, 5: 290, 6: 361, 7: 362, 8: 330, 9: 352}",1.0463862419128418,0.8654000163078308,20.25,65.2,21193.70703125,0.0,0.0,1,mnist,classification,cnn,0.01,32,3
mnist_123_20251105_190127,1,client_12,"{0: 321, 1: 358, 2: 367, 3: 352, 4: 337, 5: 313, 6: 339, 7: 360, 8: 333, 9: 342}",1.047131061553955,0.867900013923645,20.0,65.25,21213.1953125,0.0,0.0,1,mnist,classification,cnn,0.01,32,3
mnist_123_20251105_190127,1,client_13,"{0: 343, 1: 399, 2: 322, 3: 336, 4: 349, 5: 290, 6: 322, 7: 333, 8: 390, 9: 338}",1.0135061740875244,0.8733000159263611,20.200000000000003,65.3,21222.90234375,0.0,0.0,1,mnist,classification,cnn,0.01,32,3
mnist_123_20251105_190127,1,client_14,"{0: 334, 1: 437, 2: 336, 3: 341, 4: 347, 5: 326, 6: 309, 7: 335, 8: 326, 9: 331}",1.0460402965545654,0.8765000104904175,19.6,65.35,21234.3359375,0.0,0.0,1,mnist,classification,cnn,0.01,32,3
mnist_123_20251105_190127,1,client_15,"{0: 348, 1: 382, 2: 339, 3: 317, 4: 328, 5: 320, 6: 321, 7: 363, 8: 363, 9: 341}",1.0416874885559082,0.8765000104904175,18.6,65.4,21255.4453125,0.0,0.0,1,mnist,classification,cnn,0.01,32,3
mnist_123_20251105_190127,1,client_16,"{0: 366, 1: 417, 2: 355, 3: 336, 4: 343, 5: 285, 6: 323, 7: 343, 8: 312, 9: 342}",1.0415217876434326,0.876800000667572,14.3,65.45,21276.61328125,0.0,0.0,1,mnist,classification,cnn,0.01,32,3
mnist_123_20251105_190127,1,client_17,"{0: 327, 1: 410, 2: 340, 3: 363, 4: 328, 5: 303, 6: 337, 7: 340, 8: 313, 9: 361}",1.043006420135498,0.8809000253677368,14.25,65.5,21299.17578125,0.0,0.0,1,mnist,classification,cnn,0.01,32,3
mnist_123_20251105_190127,1,client_18,"{0: 343, 1: 354, 2: 380, 3: 327, 4: 338, 5: 303, 6: 355, 7: 375, 8: 305, 9: 342}",1.0513248443603516,0.8748000264167786,15.549999999999999,65.6,21321.05859375,0.0,0.0,1,mnist,classification,cnn,0.01,32,3
mnist_123_20251105_190127,1,client_19,"{0: 326, 1: 410, 2: 337, 3: 355, 4: 286, 5: 322, 6: 331, 7: 384, 8: 323, 9: 348}",1.0916190147399902,0.8711000084877014,18.75,65.65,21371.3359375,0.0,0.0,1,mnist,classification,cnn,0.01,32,3
mnist_123_20251105_190127,1,client_20,"{0: 358, 1: 414, 2: 347, 3: 348, 4: 341, 5: 296, 6: 308, 7: 366, 8: 310, 9: 334}",1.0474853515625,0.8777999877929688,15.7,65.85,21401.83203125,0.0,0.0,1,mnist,classification,cnn,0.01,32,3
mnist_123_20251105_190127,2,client_1,"{0: 100, 1: 100, 2: 100, 3: 100, 4: 100, 5: 100, 6: 100, 7: 100, 8: 100, 9: 100}",0.5318443775177002,0.8815000057220459,16.35,65.6,21330.0625,0.0,0.0,1,mnist,classification,cnn,0.01,32,3
mnist_123_20251105_190127,2,client_2,"{0: 100, 1: 30, 2: 40, 3: 200, 4: 10, 5: 50, 6: 70, 7: 90, 8: 60, 9: 20}",0.48943305015563965,0.8270999789237976,17.85,65.7,21452.23046875,0.0,0.0,1,mnist,classification,cnn,0.01,32,3
mnist_123_20251105_190127,2,client_3,"{0: 150, 1: 150, 2: 150, 3: 150, 4: 150, 5: 150, 6: 150, 7: 150, 8: 150, 9: 150}",0.748814582824707,0.8906999826431274,30.8,66.05,21440.82421875,0.0,0.0,1,mnist,classification,cnn,0.01,32,3
mnist_123_20251105_190127,2,client_4,"{0: 50, 1: 50, 2: 50, 3: 50, 4: 50, 5: 50, 6: 50, 7: 50, 8: 50, 9: 50}",0.48764801025390625,0.8715999722480774,17.95,66.05,21482.17578125,0.0,0.0,1,mnist,classification,cnn,0.01,32,3
mnist_123_20251105_190127,2,client_5,"{0: 500, 1: 500, 2: 500, 3: 500, 4: 500, 5: 500, 6: 500, 7: 500, 8: 500, 9: 500}",1.8119232654571533,0.9099000096321106,23.05,66.1,21484.92578125,0.0,0.0,1,mnist,classification,cnn,0.01,32,3
mnist_123_20251105_190127,2,client_6,"{0: 306, 1: 396, 2: 315, 3: 364, 4: 344, 5: 283, 6: 369, 7: 364, 8: 305, 9: 376}",1.3157322406768799,0.8988999724388123,21.75,66.15,21493.58984375,0.0,0.0,1,mnist,classification,cnn,0.01,32,3
mnist_123_20251105_190127,2,client_7,"{0: 333, 1: 366, 2: 335, 3: 343, 4: 320, 5: 302, 6: 349, 7: 364, 8: 369, 9: 341}",1.2184150218963623,0.9063000082969666,19.5,66.2,21497.078125,0.0,0.0,1,mnist,classification,cnn,0.01,32,3
mnist_123_20251105_190127,2,client_8,"{0: 311, 1: 405, 2: 318, 3: 352, 4: 327, 5: 326, 6: 348, 7: 374, 8: 330, 9: 331}",1.3363709449768066,0.9034000039100647,16.55,66.25,21565.6953125,0.0,0.0,1,mnist,classification,cnn,0.01,32,3
mnist_123_20251105_190127,2,client_9,"{0: 320, 1: 362, 2: 365, 3: 343, 4: 351, 5: 328, 6: 358, 7: 347, 8: 337, 9: 311}",1.3095295429229736,0.8925999999046326,19.049999999999997,66.5,21661.5234375,0.0,0.0,1,mnist,classification,cnn,0.01,32,3
mnist_123_20251105_190127,2,client_10,"{0: 340, 1: 407, 2: 343, 3: 333, 4: 348, 5: 284, 6: 318, 7: 365, 8: 345, 9: 339}",1.2069332599639893,0.8985000252723694,19.4,66.80000000000001,21777.3359375,0.0,0.0,1,mnist,classification,cnn,0.01,32,3
mnist_123_20251105_190127,2,client_11,"{0: 347, 1: 395, 2: 319, 3: 321, 4: 345, 5: 290, 6: 361, 7: 362, 8: 330, 9: 352}",1.369234323501587,0.8956000208854675,19.5,67.25,21920.890625,0.0,0.0,1,mnist,classification,cnn,0.01,32,3
mnist_123_20251105_190127,2,client_12,"{0: 321, 1: 358, 2: 367, 3: 352, 4: 337, 5: 313, 6: 339, 7: 360, 8: 333, 9: 342}",1.2982923984527588,0.9006999731063843,16.4,67.6,21980.68359375,0.0,0.0,1,mnist,classification,cnn,0.01,32,3
mnist_123_20251105_190127,2,client_13,"{0: 343, 1: 399, 2: 322, 3: 336, 4: 349, 5: 290, 6: 322, 7: 333, 8: 390, 9: 338}",1.222489833831787,0.9002000093460083,19.15,67.05000000000001,21538.375,0.0,0.0,1,mnist,classification,cnn,0.01,32,3
mnist_123_20251105_190127,2,client_14,"{0: 334, 1: 437, 2: 336, 3: 341, 4: 347, 5: 326, 6: 309, 7: 335, 8: 326, 9: 331}",1.2334983348846436,0.9034000039100647,15.549999999999999,66.35,21558.03125,0.0,0.0,1,mnist,classification,cnn,0.01,32,3
mnist_123_20251105_190127,2,client_15,"{0: 348, 1: 382, 2: 339, 3: 317, 4: 328, 5: 320, 6: 321, 7: 363, 8: 363, 9: 341}",1.1919941902160645,0.9003000259399414,16.200000000000003,66.4,21578.19921875,0.0,0.0,1,mnist,classification,cnn,0.01,32,3
mnist_123_20251105_190127,2,client_16,"{0: 366, 1: 417, 2: 355, 3: 336, 4: 343, 5: 285, 6: 323, 7: 343, 8: 312, 9: 342}",1.2091004848480225,0.9032999873161316,17.8,66.4,21576.84375,0.0,0.0,1,mnist,classification,cnn,0.01,32,3
mnist_123_20251105_190127,2,client_17,"{0: 327, 1: 410, 2: 340, 3: 363, 4: 328, 5: 303, 6: 337, 7: 340, 8: 313, 9: 361}",1.2561430931091309,0.9034000039100647,12.7,66.45,21601.49609375,0.0,0.0,1,mnist,classification,cnn,0.01,32,3
mnist_123_20251105_190127,2,client_18,"{0: 343, 1: 354, 2: 380, 3: 327, 4: 338, 5: 303, 6: 355, 7: 375, 8: 305, 9: 342}",1.1622719764709473,0.8999999761581421,14.25,66.5,21620.3671875,0.0,0.0,1,mnist,classification,cnn,0.01,32,3
mnist_123_20251105_190127,2,client_19,"{0: 326, 1: 410, 2: 337, 3: 355, 4: 286, 5: 322, 6: 331, 7: 384, 8: 323, 9: 348}",1.2705116271972656,0.9034000039100647,15.5,66.6,21624.87109375,0.0,0.0,1,mnist,classification,cnn,0.01,32,3
mnist_123_20251105_190127,2,client_20,"{0: 358, 1: 414, 2: 347, 3: 348, 4: 341, 5: 296, 6: 308, 7: 366, 8: 310, 9: 334}",1.1920394897460938,0.9014000296592712,16.35,66.6,21642.80859375,0.0,0.0,1,mnist,classification,cnn,0.01,32,3
mnist_123_20251105_190127,3,client_1,"{0: 100, 1: 100, 2: 100, 3: 100, 4: 100, 5: 100, 6: 100, 7: 100, 8: 100, 9: 100}",0.5689270496368408,0.9050999879837036,15.65,66.3,21552.45703125,0.0,0.0,1,mnist,classification,cnn,0.01,32,3
mnist_123_20251105_190127,3,client_2,"{0: 100, 1: 30, 2: 40, 3: 200, 4: 10, 5: 50, 6: 70, 7: 90, 8: 60, 9: 20}",0.47034454345703125,0.8802000284194946,14.55,66.35,21564.0625,0.0,0.0,1,mnist,classification,cnn,0.01,32,3
mnist_123_20251105_190127,3,client_3,"{0: 150, 1: 150, 2: 150, 3: 150, 4: 150, 5: 150, 6: 150, 7: 150, 8: 150, 9: 150}",0.7531406879425049,0.9077000021934509,13.1,66.4,21585.87890625,0.0,0.0,1,mnist,classification,cnn,0.01,32,3
mnist_123_20251105_190127,3,client_4,"{0: 50, 1: 50, 2: 50, 3: 50, 4: 50, 5: 50, 6: 50, 7: 50, 8: 50, 9: 50}",0.4349966049194336,0.9035999774932861,14.55,66.45,21601.89453125,0.0,0.0,1,mnist,classification,cnn,0.01,32,3
mnist_123_20251105_190127,3,client_5,"{0: 500, 1: 500, 2: 500, 3: 500, 4: 500, 5: 500, 6: 500, 7: 500, 8: 500, 9: 500}",1.6808063983917236,0.9174000024795532,13.65,66.5,21606.78515625,0.0,0.0,1,mnist,classification,cnn,0.01,32,3
mnist_123_20251105_190127,3,client_6,"{0: 306, 1: 396, 2: 315, 3: 364, 4: 344, 5: 283, 6: 369, 7: 364, 8: 305, 9: 376}",1.1602632999420166,0.9089000225067139,14.3,66.5,21614.56640625,0.0,0.0,1,mnist,classification,cnn,0.01,32,3
mnist_123_20251105_190127,3,client_7,"{0: 333, 1: 366, 2: 335, 3: 343, 4: 320, 5: 302, 6: 349, 7: 364, 8: 369, 9: 341}",1.2496099472045898,0.9185000061988831,14.2,66.55,21630.625,0.0,0.0,1,mnist,classification,cnn,0.01,32,3
mnist_123_20251105_190127,3,client_8,"{0: 311, 1: 405, 2: 318, 3: 352, 4: 327, 5: 326, 6: 348, 7: 374, 8: 330, 9: 331}",1.1995348930358887,0.9117000102996826,13.8,66.6,21634.37890625,0.0,0.0,1,mnist,classification,cnn,0.01,32,3
mnist_123_20251105_190127,3,client_9,"{0: 320, 1: 362, 2: 365, 3: 343, 4: 351, 5: 328, 6: 358, 7: 347, 8: 337, 9: 311}",1.20872163772583,0.904699981212616,16.3,66.6,21628.234375,0.0,0.0,1,mnist,classification,cnn,0.01,32,3
mnist_123_20251105_190127,3,client_10,"{0: 340, 1: 407, 2: 343, 3: 333, 4: 348, 5: 284, 6: 318, 7: 365, 8: 345, 9: 339}",1.2407071590423584,0.909500002861023,14.05,66.6,21643.81640625,0.0,0.0,1,mnist,classification,cnn,0.01,32,3
mnist_123_20251105_190127,3,client_11,"{0: 347, 1: 395, 2: 319, 3: 321, 4: 345, 5: 290, 6: 361, 7: 362, 8: 330, 9: 352}",1.1581742763519287,0.90829998254776,16.05,66.65,21656.30859375,0.0,0.0,1,mnist,classification,cnn,0.01,32,3
mnist_123_20251105_190127,3,client_12,"{0: 321, 1: 358, 2: 367, 3: 352, 4: 337, 5: 313, 6: 339, 7: 360, 8: 333, 9: 342}",1.2885644435882568,0.9121999740600586,19.05,66.55000000000001,21599.23046875,0.0,0.0,1,mnist,classification,cnn,0.01,32,3
mnist_123_20251105_190127,3,client_13,"{0: 343, 1: 399, 2: 322, 3: 336, 4: 349, 5: 290, 6: 322, 7: 333, 8: 390, 9: 338}",1.252368688583374,0.9108999967575073,12.55,66.5,21618.4765625,0.0,0.0,1,mnist,classification,cnn,0.01,32,3
mnist_123_20251105_190127,3,client_14,"{0: 334, 1: 437, 2: 336, 3: 341, 4: 347, 5: 326, 6: 309, 7: 335, 8: 326, 9: 331}",1.1974775791168213,0.9139000177383423,17.65,66.6,21628.265625,0.0,0.0,1,mnist,classification,cnn,0.01,32,3
mnist_123_20251105_190127,3,client_15,"{0: 348, 1: 382, 2: 339, 3: 317, 4: 328, 5: 320, 6: 321, 7: 363, 8: 363, 9: 341}",1.2365167140960693,0.9103000164031982,14.9,66.6,21642.78515625,0.0,0.0,1,mnist,classification,cnn,0.01,32,3
mnist_123_20251105_190127,3,client_16,"{0: 366, 1: 417, 2: 355, 3: 336, 4: 343, 5: 285, 6: 323, 7: 343, 8: 312, 9: 342}",1.1527409553527832,0.9125000238418579,16.3,66.6,21653.18359375,0.0,0.0,1,mnist,classification,cnn,0.01,32,3
mnist_123_20251105_190127,3,client_17,"{0: 327, 1: 410, 2: 340, 3: 363, 4: 328, 5: 303, 6: 337, 7: 340, 8: 313, 9: 361}",1.2549097537994385,0.9142000079154968,15.55,66.7,21668.06640625,0.0,0.0,1,mnist,classification,cnn,0.01,32,3
mnist_123_20251105_190127,3,client_18,"{0: 343, 1: 354, 2: 380, 3: 327, 4: 338, 5: 303, 6: 355, 7: 375, 8: 305, 9: 342}",1.2106132507324219,0.9118000268936157,14.5,66.75,21686.17578125,0.0,0.0,1,mnist,classification,cnn,0.01,32,3
mnist_123_20251105_190127,3,client_19,"{0: 326, 1: 410, 2: 337, 3: 355, 4: 286, 5: 322, 6: 331, 7: 384, 8: 323, 9: 348}",1.1742839813232422,0.9136999845504761,14.55,66.8,21704.2734375,0.0,0.0,1,mnist,classification,cnn,0.01,32,3
mnist_123_20251105_190127,3,client_20,"{0: 358, 1: 414, 2: 347, 3: 348, 4: 341, 5: 296, 6: 308, 7: 366, 8: 310, 9: 334}",1.2584402561187744,0.9120000004768372,14.2,66.85,21723.8828125,0.0,0.0,1,mnist,classification,cnn,0.01,32,3
mnist_123_20251105_190127,4,client_1,"{0: 100, 1: 100, 2: 100, 3: 100, 4: 100, 5: 100, 6: 100, 7: 100, 8: 100, 9: 100}",0.5585792064666748,0.9146000146865845,13.3,66.7,21677.703125,0.0,0.0,1,mnist,classification,cnn,0.01,32,3
mnist_123_20251105_190127,4,client_2,"{0: 100, 1: 30, 2: 40, 3: 200, 4: 10, 5: 50, 6: 70, 7: 90, 8: 60, 9: 20}",0.4843282699584961,0.897599995136261,11.9,66.7,21695.04296875,0.0,0.0,1,mnist,classification,cnn,0.01,32,3
mnist_123_20251105_190127,4,client_3,"{0: 150, 1: 150, 2: 150, 3: 150, 4: 150, 5: 150, 6: 150, 7: 150, 8: 150, 9: 150}",0.7143044471740723,0.9160000085830688,16.65,66.8,21699.9453125,0.0,0.0,1,mnist,classification,cnn,0.01,32,3
mnist_123_20251105_190127,4,client_4,"{0: 50, 1: 50, 2: 50, 3: 50, 4: 50, 5: 50, 6: 50, 7: 50, 8: 50, 9: 50}",0.42018699645996094,0.9154999852180481,12.6,66.8,21713.1484375,0.0,0.0,1,mnist,classification,cnn,0.01,32,3
mnist_123_20251105_190127,4,client_5,"{0: 500, 1: 500, 2: 500, 3: 500, 4: 500, 5: 500, 6: 500, 7: 500, 8: 500, 9: 500}",1.6684925556182861,0.9208999872207642,13.3,66.85,21718.265625,0.0,0.0,1,mnist,classification,cnn,0.01,32,3
mnist_123_20251105_190127,4,client_6,"{0: 306, 1: 396, 2: 315, 3: 364, 4: 344, 5: 283, 6: 369, 7: 364, 8: 305, 9: 376}",1.211385726928711,0.916100025177002,14.85,66.85,21722.31640625,0.0,0.0,1,mnist,classification,cnn,0.01,32,3
mnist_123_20251105_190127,4,client_7,"{0: 333, 1: 366, 2: 335, 3: 343, 4: 320, 5: 302, 6: 349, 7: 364, 8: 369, 9: 341}",1.2218425273895264,0.9226999878883362,16.9,66.9,21728.046875,0.0,0.0,1,mnist,classification,cnn,0.01,32,3
mnist_123_20251105_190127,4,client_8,"{0: 311, 1: 405, 2: 318, 3: 352, 4: 327, 5: 326, 6: 348, 7: 374, 8: 330, 9: 331}",1.255589246749878,0.9172000288963318,13.95,66.9,21767.4453125,0.0,0.0,1,mnist,classification,cnn,0.01,32,3
mnist_123_20251105_190127,4,client_9,"{0: 320, 1: 362, 2: 365, 3: 343, 4: 351, 5: 328, 6: 358, 7: 347, 8: 337, 9: 311}",1.1762380599975586,0.9124000072479248,14.05,67.05,21786.44140625,0.0,0.0,1,mnist,classification,cnn,0.01,32,3
mnist_123_20251105_190127,4,client_10,"{0: 340, 1: 407, 2: 343, 3: 333, 4: 348, 5: 284, 6: 318, 7: 365, 8: 345, 9: 339}",1.236588478088379,0.9182000160217285,16.15,67.1,21806.703125,0.0,0.0,1,mnist,classification,cnn,0.01,32,3
mnist_123_20251105_190127,4,client_11,"{0: 347, 1: 395, 2: 319, 3: 321, 4: 345, 5: 290, 6: 361, 7: 362, 8: 330, 9: 352}",1.2212402820587158,0.9165999889373779,11.850000000000001,67.15,21822.79296875,0.0,0.0,1,mnist,classification,cnn,0.01,32,3
mnist_123_20251105_190127,4,client_12,"{0: 321, 1: 358, 2: 367, 3: 352, 4: 337, 5: 313, 6: 339, 7: 360, 8: 333, 9: 342}",1.199979543685913,0.9175000190734863,17.0,67.2,21842.83984375,0.0,0.0,1,mnist,classification,cnn,0.01,32,3
mnist_123_20251105_190127,4,client_13,"{0: 343, 1: 399, 2: 322, 3: 336, 4: 349, 5: 290, 6: 322, 7: 333, 8: 390, 9: 338}",1.2584402561187744,0.9179999828338623,13.0,67.3,21862.28515625,0.0,0.0,1,mnist,classification,cnn,0.01,32,3
mnist_123_20251105_190127,4,client_14,"{0: 334, 1: 437, 2: 336, 3: 341, 4: 347, 5: 326, 6: 309, 7: 335, 8: 326, 9: 331}",1.1439824104309082,0.9210000038146973,13.0,67.35,21884.9921875,0.0,0.0,1,mnist,classification,cnn,0.01,32,3
mnist_123_20251105_190127,4,client_15,"{0: 348, 1: 382, 2: 339, 3: 317, 4: 328, 5: 320, 6: 321, 7: 363, 8: 363, 9: 341}",1.2781424522399902,0.9164999723434448,16.1,67.4,21904.58984375,0.0,0.0,1,mnist,classification,cnn,0.01,32,3
mnist_123_20251105_190127,4,client_16,"{0: 366, 1: 417, 2: 355, 3: 336, 4: 343, 5: 285, 6: 323, 7: 343, 8: 312, 9: 342}",1.2150380611419678,0.917900025844574,15.6,67.45,21918.7890625,0.0,0.0,1,mnist,classification,cnn,0.01,32,3
mnist_123_20251105_190127,4,client_17,"{0: 327, 1: 410, 2: 340, 3: 363, 4: 328, 5: 303, 6: 337, 7: 340, 8: 313, 9: 361}",1.1769359111785889,0.9214000105857849,12.65,67.5,21936.59375,0.0,0.0,1,mnist,classification,cnn,0.01,32,3
mnist_123_20251105_190127,4,client_18,"{0: 343, 1: 354, 2: 380, 3: 327, 4: 338, 5: 303, 6: 355, 7: 375, 8: 305, 9: 342}",1.2183072566986084,0.9196000099182129,13.3,67.55,21955.67578125,0.0,0.0,1,mnist,classification,cnn,0.01,32,3
mnist_123_20251105_190127,4,client_19,"{0: 326, 1: 410, 2: 337, 3: 355, 4: 286, 5: 322, 6: 331, 7: 384, 8: 323, 9: 348}",1.150505542755127,0.920799970626831,13.7,67.6,21973.39453125,0.0,0.0,1,mnist,classification,cnn,0.01,32,3
mnist_123_20251105_190127,4,client_20,"{0: 358, 1: 414, 2: 347, 3: 348, 4: 341, 5: 296, 6: 308, 7: 366, 8: 310, 9: 334}",1.2424917221069336,0.9199000000953674,18.0,67.7,21994.3828125,0.0,0.0,1,mnist,classification,cnn,0.01,32,3
mnist_123_20251105_190127,5,client_1,"{0: 100, 1: 100, 2: 100, 3: 100, 4: 100, 5: 100, 6: 100, 7: 100, 8: 100, 9: 100}",0.5634298324584961,0.9211000204086304,10.4,67.5,21954.96875,0.0,0.0,1,mnist,classification,cnn,0.01,32,3
mnist_123_20251105_190127,5,client_2,"{0: 100, 1: 30, 2: 40, 3: 200, 4: 10, 5: 50, 6: 70, 7: 90, 8: 60, 9: 20}",0.4830179214477539,0.9065999984741211,13.55,67.6,21968.765625,0.0,0.0,1,mnist,classification,cnn,0.01,32,3
mnist_123_20251105_190127,5,client_3,"{0: 150, 1: 150, 2: 150, 3: 150, 4: 150, 5: 150, 6: 150, 7: 150, 8: 150, 9: 150}",0.7001082897186279,0.9218000173568726,13.55,67.6,21970.72265625,0.0,0.0,1,mnist,classification,cnn,0.01,32,3
mnist_123_20251105_190127,5,client_4,"{0: 50, 1: 50, 2: 50, 3: 50, 4: 50, 5: 50, 6: 50, 7: 50, 8: 50, 9: 50}",0.43726325035095215,0.9230999946594238,12.7,67.6,21973.08984375,0.0,0.0,1,mnist,classification,cnn,0.01,32,3
mnist_123_20251105_190127,5,client_5,"{0: 500, 1: 500, 2: 500, 3: 500, 4: 500, 5: 500, 6: 500, 7: 500, 8: 500, 9: 500}",1.5744507312774658,0.9248999953269958,14.8,67.65,21982.93359375,0.0,0.0,1,mnist,classification,cnn,0.01,32,3
mnist_123_20251105_190127,5,client_6,"{0: 306, 1: 396, 2: 315, 3: 364, 4: 344, 5: 283, 6: 369, 7: 364, 8: 305, 9: 376}",1.2123355865478516,0.921999990940094,12.9,67.7,21987.33203125,0.0,0.0,1,mnist,classification,cnn,0.01,32,3
mnist_123_20251105_190127,5,client_7,"{0: 333, 1: 366, 2: 335, 3: 343, 4: 320, 5: 302, 6: 349, 7: 364, 8: 369, 9: 341}",1.1885261535644531,0.9266999959945679,15.450000000000001,67.7,21995.97265625,0.0,0.0,1,mnist,classification,cnn,0.01,32,3
mnist_123_20251105_190127,5,client_8,"{0: 311, 1: 405, 2: 318, 3: 352, 4: 327, 5: 326, 6: 348, 7: 374, 8: 330, 9: 331}",1.2457542419433594,0.9223999977111816,17.65,67.75,22007.9375,0.0,0.0,1,mnist,classification,cnn,0.01,32,3
mnist_123_20251105_190127,5,client_9,"{0: 320, 1: 362, 2: 365, 3: 343, 4: 351, 5: 328, 6: 358, 7: 347, 8: 337, 9: 311}",1.221482276916504,0.9174000024795532,12.05,67.75,22013.6328125,0.0,0.0,1,mnist,classification,cnn,0.01,32,3
mnist_123_20251105_190127,5,client_10,"{0: 340, 1: 407, 2: 343, 3: 333, 4: 348, 5: 284, 6: 318, 7: 365, 8: 345, 9: 339}",1.173393964767456,0.9236000180244446,15.2,67.8,22032.6953125,0.0,0.0,1,mnist,classification,cnn,0.01,32,3
mnist_123_20251105_190127,5,client_11,"{0: 347, 1: 395, 2: 319, 3: 321, 4: 345, 5: 290, 6: 361, 7: 362, 8: 330, 9: 352}",1.2728376388549805,0.9211000204086304,15.0,67.9,22075.078125,0.0,0.0,1,mnist,classification,cnn,0.01,32,3
mnist_123_20251105_190127,5,client_12,"{0: 321, 1: 358, 2: 367, 3: 352, 4: 337, 5: 313, 6: 339, 7: 360, 8: 333, 9: 342}",1.1913456916809082,0.9221000075340271,15.55,68.0,22090.625,0.0,0.0,1,mnist,classification,cnn,0.01,32,3
mnist_123_20251105_190127,5,client_13,"{0: 343, 1: 399, 2: 322, 3: 336, 4: 349, 5: 290, 6: 322, 7: 333, 8: 390, 9: 338}",1.3078620433807373,0.9210000038146973,17.7,68.05,22108.3984375,0.0,0.0,1,mnist,classification,cnn,0.01,32,3
mnist_123_20251105_190127,5,client_14,"{0: 334, 1: 437, 2: 336, 3: 341, 4: 347, 5: 326, 6: 309, 7: 335, 8: 326, 9: 331}",1.2267298698425293,0.925599992275238,15.3,68.1,22123.64453125,0.0,0.0,1,mnist,classification,cnn,0.01,32,3
mnist_123_20251105_190127,5,client_15,"{0: 348, 1: 382, 2: 339, 3: 317, 4: 328, 5: 320, 6: 321, 7: 363, 8: 363, 9: 341}",1.1720356941223145,0.9225000143051147,16.75,68.15,22141.859375,0.0,0.0,1,mnist,classification,cnn,0.01,32,3
mnist_123_20251105_190127,5,client_16,"{0: 366, 1: 417, 2: 355, 3: 336, 4: 343, 5: 285, 6: 323, 7: 343, 8: 312, 9: 342}",1.2480401992797852,0.9230999946594238,15.3,68.2,22158.2421875,0.0,0.0,1,mnist,classification,cnn,0.01,32,3
mnist_123_20251105_190127,5,client_17,"{0: 327, 1: 410, 2: 340, 3: 363, 4: 328, 5: 303, 6: 337, 7: 340, 8: 313, 9: 361}",1.1716423034667969,0.927299976348877,14.100000000000001,68.25,22176.69140625,0.0,0.0,1,mnist,classification,cnn,0.01,32,3
mnist_123_20251105_190127,5,client_18,"{0: 343, 1: 354, 2: 380, 3: 327, 4: 338, 5: 303, 6: 355, 7: 375, 8: 305, 9: 342}",1.1902694702148438,0.9235000014305115,16.3,68.3,22194.1484375,0.0,0.0,1,mnist,classification,cnn,0.01,32,3
mnist_123_20251105_190127,5,client_19,"{0: 326, 1: 410, 2: 337, 3: 355, 4: 286, 5: 322, 6: 331, 7: 384, 8: 323, 9: 348}",1.220141887664795,0.9246000051498413,13.4,68.35,22213.93359375,0.0,0.0,1,mnist,classification,cnn,0.01,32,3
mnist_123_20251105_190127,5,client_20,"{0: 358, 1: 414, 2: 347, 3: 348, 4: 341, 5: 296, 6: 308, 7: 366, 8: 310, 9: 334}",1.1662466526031494,0.925000011920929,15.05,68.4,22230.21484375,0.0,0.0,1,mnist,classification,cnn,0.01,32,3
mnist_123_20251105_190127,6,client_1,"{0: 100, 1: 100, 2: 100, 3: 100, 4: 100, 5: 100, 6: 100, 7: 100, 8: 100, 9: 100}",0.5599162578582764,0.9257000088691711,12.1,68.3,22178.77734375,0.0,0.0,1,mnist,classification,cnn,0.01,32,3
mnist_123_20251105_190127,6,client_2,"{0: 100, 1: 30, 2: 40, 3: 200, 4: 10, 5: 50, 6: 70, 7: 90, 8: 60, 9: 20}",0.5086333751678467,0.9139999747276306,17.55,68.3,22201.68359375,0.0,0.0,1,mnist,classification,cnn,0.01,32,3
mnist_123_20251105_190127,6,client_3,"{0: 150, 1: 150, 2: 150, 3: 150, 4: 150, 5: 150, 6: 150, 7: 150, 8: 150, 9: 150}",0.6629080772399902,0.9261000156402588,12.15,68.35,22209.4296875,0.0,0.0,1,mnist,classification,cnn,0.01,32,3
mnist_123_20251105_190127,6,client_4,"{0: 50, 1: 50, 2: 50, 3: 50, 4: 50, 5: 50, 6: 50, 7: 50, 8: 50, 9: 50}",0.4287853240966797,0.926800012588501,19.35,68.4,22214.46484375,0.0,0.0,1,mnist,classification,cnn,0.01,32,3
mnist_123_20251105_190127,6,client_5,"{0: 500, 1: 500, 2: 500, 3: 500, 4: 500, 5: 500, 6: 500, 7: 500, 8: 500, 9: 500}",1.5568158626556396,0.9276000261306763,12.7,68.4,22230.125,0.0,0.0,1,mnist,classification,cnn,0.01,32,3
mnist_123_20251105_190127,6,client_6,"{0: 306, 1: 396, 2: 315, 3: 364, 4: 344, 5: 283, 6: 369, 7: 364, 8: 305, 9: 376}",1.248816967010498,0.9251000285148621,15.25,68.45,22238.95703125,0.0,0.0,1,mnist,classification,cnn,0.01,32,3
mnist_123_20251105_190127,6,client_7,"{0: 333, 1: 366, 2: 335, 3: 343, 4: 320, 5: 302, 6: 349, 7: 364, 8: 369, 9: 341}",1.2346875667572021,0.930400013923645,12.6,68.5,22246.46484375,0.0,0.0,1,mnist,classification,cnn,0.01,32,3
mnist_123_20251105_190127,6,client_8,"{0: 311, 1: 405, 2: 318, 3: 352, 4: 327, 5: 326, 6: 348, 7: 374, 8: 330, 9: 331}",1.1568732261657715,0.9266999959945679,13.45,68.5,22267.4609375,0.0,0.0,1,mnist,classification,cnn,0.01,32,3
mnist_123_20251105_190127,6,client_9,"{0: 320, 1: 362, 2: 365, 3: 343, 4: 351, 5: 328, 6: 358, 7: 347, 8: 337, 9: 311}",1.2387053966522217,0.9223999977111816,15.200000000000001,68.55,22273.61328125,0.0,0.0,1,mnist,classification,cnn,0.01,32,3
mnist_123_20251105_190127,6,client_10,"{0: 340, 1: 407, 2: 343, 3: 333, 4: 348, 5: 284, 6: 318, 7: 365, 8: 345, 9: 339}",1.1721954345703125,0.9282000064849854,14.6,68.6,22285.4296875,0.0,0.0,1,mnist,classification,cnn,0.01,32,3
mnist_123_20251105_190127,6,client_11,"{0: 347, 1: 395, 2: 319, 3: 321, 4: 345, 5: 290, 6: 361, 7: 362, 8: 330, 9: 352}",1.2102057933807373,0.9257000088691711,16.9,68.65,22311.1328125,0.0,0.0,1,mnist,classification,cnn,0.01,32,3
mnist_123_20251105_190127,6,client_12,"{0: 321, 1: 358, 2: 367, 3: 352, 4: 337, 5: 313, 6: 339, 7: 360, 8: 333, 9: 342}",1.2165842056274414,0.9257000088691711,15.05,68.7,22332.84765625,0.0,0.0,1,mnist,classification,cnn,0.01,32,3
mnist_123_20251105_190127,6,client_13,"{0: 343, 1: 399, 2: 322, 3: 336, 4: 349, 5: 290, 6: 322, 7: 333, 8: 390, 9: 338}",1.178513765335083,0.9247999787330627,17.950000000000003,68.8,22349.2734375,0.0,0.0,1,mnist,classification,cnn,0.01,32,3
mnist_123_20251105_190127,6,client_14,"{0: 334, 1: 437, 2: 336, 3: 341, 4: 347, 5: 326, 6: 309, 7: 335, 8: 326, 9: 331}",1.2699687480926514,0.9291999936103821,14.450000000000001,68.85,22382.4609375,0.0,0.0,1,mnist,classification,cnn,0.01,32,3
mnist_123_20251105_190127,6,client_15,"{0: 348, 1: 382, 2: 339, 3: 317, 4: 328, 5: 320, 6: 321, 7: 363, 8: 363, 9: 341}",1.1984753608703613,0.9261999726295471,14.850000000000001,68.75,22300.3515625,0.0,0.0,1,mnist,classification,cnn,0.01,32,3
mnist_123_20251105_190127,6,client_16,"{0: 366, 1: 417, 2: 355, 3: 336, 4: 343, 5: 285, 6: 323, 7: 343, 8: 312, 9: 342}",1.36952543258667,0.9287999868392944,17.9,68.45,21919.80859375,0.0,0.0,1,mnist,classification,cnn,0.01,32,3
mnist_123_20251105_190127,6,client_17,"{0: 327, 1: 410, 2: 340, 3: 363, 4: 328, 5: 303, 6: 337, 7: 340, 8: 313, 9: 361}",1.2211787700653076,0.9298999905586243,18.25,67.5,21882.51171875,0.0,0.0,1,mnist,classification,cnn,0.01,32,3
mnist_123_20251105_190127,6,client_18,"{0: 343, 1: 354, 2: 380, 3: 327, 4: 338, 5: 303, 6: 355, 7: 375, 8: 305, 9: 342}",1.1813530921936035,0.9280999898910522,14.0,67.45,21910.328125,0.0,0.0,1,mnist,classification,cnn,0.01,32,3
mnist_123_20251105_190127,6,client_19,"{0: 326, 1: 410, 2: 337, 3: 355, 4: 286, 5: 322, 6: 331, 7: 384, 8: 323, 9: 348}",1.266756296157837,0.9291999936103821,14.3,67.5,21928.69140625,0.0,0.0,1,mnist,classification,cnn,0.01,32,3
mnist_123_20251105_190127,6,client_20,"{0: 358, 1: 414, 2: 347, 3: 348, 4: 341, 5: 296, 6: 308, 7: 366, 8: 310, 9: 334}",1.2091915607452393,0.9280999898910522,12.55,67.5,21945.484375,0.0,0.0,1,mnist,classification,cnn,0.01,32,3
mnist_123_20251105_190127,7,client_1,"{0: 100, 1: 100, 2: 100, 3: 100, 4: 100, 5: 100, 6: 100, 7: 100, 8: 100, 9: 100}",0.5762913227081299,0.9286999702453613,17.35,67.4,21905.88671875,0.0,0.0,1,mnist,classification,cnn,0.01,32,3
mnist_123_20251105_190127,7,client_2,"{0: 100, 1: 30, 2: 40, 3: 200, 4: 10, 5: 50, 6: 70, 7: 90, 8: 60, 9: 20}",0.46126365661621094,0.9200000166893005,11.6,67.4,21915.703125,0.0,0.0,1,mnist,classification,cnn,0.01,32,3
mnist_123_20251105_190127,7,client_3,"{0: 150, 1: 150, 2: 150, 3: 150, 4: 150, 5: 150, 6: 150, 7: 150, 8: 150, 9: 150}",0.7319803237915039,0.9300000071525574,15.75,67.5,21927.05859375,0.0,0.0,1,mnist,classification,cnn,0.01,32,3
mnist_123_20251105_190127,7,client_4,"{0: 50, 1: 50, 2: 50, 3: 50, 4: 50, 5: 50, 6: 50, 7: 50, 8: 50, 9: 50}",0.41480565071105957,0.9311000108718872,12.15,67.5,21937.234375,0.0,0.0,1,mnist,classification,cnn,0.01,32,3
mnist_123_20251105_190127,7,client_5,"{0: 500, 1: 500, 2: 500, 3: 500, 4: 500, 5: 500, 6: 500, 7: 500, 8: 500, 9: 500}",1.62272310256958,0.9314000010490417,16.3,67.55,21953.828125,0.0,0.0,1,mnist,classification,cnn,0.01,32,3
mnist_123_20251105_190127,7,client_6,"{0: 306, 1: 396, 2: 315, 3: 364, 4: 344, 5: 283, 6: 369, 7: 364, 8: 305, 9: 376}",1.186002254486084,0.9283999800682068,16.15,67.6,21959.66796875,0.0,0.0,1,mnist,classification,cnn,0.01,32,3
mnist_123_20251105_190127,7,client_7,"{0: 333, 1: 366, 2: 335, 3: 343, 4: 320, 5: 302, 6: 349, 7: 364, 8: 369, 9: 341}",1.24452805519104,0.9327999949455261,16.1,67.6,21961.03515625,0.0,0.0,1,mnist,classification,cnn,0.01,32,3
mnist_123_20251105_190127,7,client_8,"{0: 311, 1: 405, 2: 318, 3: 352, 4: 327, 5: 326, 6: 348, 7: 374, 8: 330, 9: 331}",1.2389802932739258,0.9311000108718872,15.35,67.6,21964.27734375,0.0,0.0,1,mnist,classification,cnn,0.01,32,3
mnist_123_20251105_190127,7,client_9,"{0: 320, 1: 362, 2: 365, 3: 343, 4: 351, 5: 328, 6: 358, 7: 347, 8: 337, 9: 311}",1.17289137840271,0.9259999990463257,16.55,67.6,21968.05078125,0.0,0.0,1,mnist,classification,cnn,0.01,32,3
mnist_123_20251105_190127,7,client_10,"{0: 340, 1: 407, 2: 343, 3: 333, 4: 348, 5: 284, 6: 318, 7: 365, 8: 345, 9: 339}",1.2391290664672852,0.9316999912261963,13.6,67.6,21992.46484375,0.0,0.0,1,mnist,classification,cnn,0.01,32,3
mnist_123_20251105_190127,7,client_11,"{0: 347, 1: 395, 2: 319, 3: 321, 4: 345, 5: 290, 6: 361, 7: 362, 8: 330, 9: 352}",1.2658965587615967,0.9297000169754028,19.75,67.85,22082.6328125,0.0,0.0,1,mnist,classification,cnn,0.01,32,3
mnist_123_20251105_190127,7,client_12,"{0: 321, 1: 358, 2: 367, 3: 352, 4: 337, 5: 313, 6: 339, 7: 360, 8: 333, 9: 342}",1.2410717010498047,0.9289000034332275,18.5,68.0,22089.609375,0.0,0.0,1,mnist,classification,cnn,0.01,32,3
mnist_123_20251105_190127,7,client_13,"{0: 343, 1: 399, 2: 322, 3: 336, 4: 349, 5: 290, 6: 322, 7: 333, 8: 390, 9: 338}",1.3033359050750732,0.9279999732971191,18.25,68.05,22116.69140625,0.0,0.0,1,mnist,classification,cnn,0.01,32,3
mnist_123_20251105_190127,7,client_14,"{0: 334, 1: 437, 2: 336, 3: 341, 4: 347, 5: 326, 6: 309, 7: 335, 8: 326, 9: 331}",1.175802230834961,0.9315999746322632,14.8,68.1,22135.01171875,0.0,0.0,1,mnist,classification,cnn,0.01,32,3
mnist_123_20251105_190127,7,client_15,"{0: 348, 1: 382, 2: 339, 3: 317, 4: 328, 5: 320, 6: 321, 7: 363, 8: 363, 9: 341}",1.217801570892334,0.9302999973297119,15.7,68.15,22150.0703125,0.0,0.0,1,mnist,classification,cnn,0.01,32,3
mnist_123_20251105_190127,7,client_16,"{0: 366, 1: 417, 2: 355, 3: 336, 4: 343, 5: 285, 6: 323, 7: 343, 8: 312, 9: 342}",1.2092015743255615,0.9323999881744385,12.05,68.2,22168.609375,0.0,0.0,1,mnist,classification,cnn,0.01,32,3
mnist_123_20251105_190127,7,client_17,"{0: 327, 1: 410, 2: 340, 3: 363, 4: 328, 5: 303, 6: 337, 7: 340, 8: 313, 9: 361}",1.2284142971038818,0.9330000281333923,18.4,68.25,22187.65625,0.0,0.0,1,mnist,classification,cnn,0.01,32,3
mnist_123_20251105_190127,7,client_18,"{0: 343, 1: 354, 2: 380, 3: 327, 4: 338, 5: 303, 6: 355, 7: 375, 8: 305, 9: 342}",1.2496562004089355,0.9315999746322632,14.2,68.35,22206.30859375,0.0,0.0,1,mnist,classification,cnn,0.01,32,3
mnist_123_20251105_190127,7,client_19,"{0: 326, 1: 410, 2: 337, 3: 355, 4: 286, 5: 322, 6: 331, 7: 384, 8: 323, 9: 348}",1.1368496417999268,0.9322999715805054,15.1,68.4,22223.75390625,0.0,0.0,1,mnist,classification,cnn,0.01,32,3
mnist_123_20251105_190127,7,client_20,"{0: 358, 1: 414, 2: 347, 3: 348, 4: 341, 5: 296, 6: 308, 7: 366, 8: 310, 9: 334}",1.2502706050872803,0.9318000078201294,16.65,68.45,22244.0859375,0.0,0.0,1,mnist,classification,cnn,0.01,32,3
mnist_123_20251105_190127,8,client_1,"{0: 100, 1: 100, 2: 100, 3: 100, 4: 100, 5: 100, 6: 100, 7: 100, 8: 100, 9: 100}",0.5405833721160889,0.9319999814033508,12.1,68.35,22232.23046875,0.0,0.0,1,mnist,classification,cnn,0.01,32,3
mnist_123_20251105_190127,8,client_2,"{0: 100, 1: 30, 2: 40, 3: 200, 4: 10, 5: 50, 6: 70, 7: 90, 8: 60, 9: 20}",0.49674201011657715,0.9251000285148621,14.05,68.45,22238.82421875,0.0,0.0,1,mnist,classification,cnn,0.01,32,3
mnist_123_20251105_190127,8,client_3,"{0: 150, 1: 150, 2: 150, 3: 150, 4: 150, 5: 150, 6: 150, 7: 150, 8: 150, 9: 150}",0.6946103572845459,0.9334999918937683,14.75,68.5,22242.25,0.0,0.0,1,mnist,classification,cnn,0.01,32,3
mnist_123_20251105_190127,8,client_4,"{0: 50, 1: 50, 2: 50, 3: 50, 4: 50, 5: 50, 6: 50, 7: 50, 8: 50, 9: 50}",0.4359865188598633,0.9350000023841858,13.55,68.5,22256.58203125,0.0,0.0,1,mnist,classification,cnn,0.01,32,3
mnist_123_20251105_190127,8,client_5,"{0: 500, 1: 500, 2: 500, 3: 500, 4: 500, 5: 500, 6: 500, 7: 500, 8: 500, 9: 500}",1.596740484237671,0.9345999956130981,16.15,68.5,22262.140625,0.0,0.0,1,mnist,classification,cnn,0.01,32,3
mnist_123_20251105_190127,8,client_6,"{0: 306, 1: 396, 2: 315, 3: 364, 4: 344, 5: 283, 6: 369, 7: 364, 8: 305, 9: 376}",1.22121262550354,0.9333999752998352,12.649999999999999,68.5,22269.203125,0.0,0.0,1,mnist,classification,cnn,0.01,32,3
mnist_123_20251105_190127,8,client_7,"{0: 333, 1: 366, 2: 335, 3: 343, 4: 320, 5: 302, 6: 349, 7: 364, 8: 369, 9: 341}",1.1933114528656006,0.9355999827384949,15.3,68.6,22276.8984375,0.0,0.0,1,mnist,classification,cnn,0.01,32,3
mnist_123_20251105_190127,8,client_8,"{0: 311, 1: 405, 2: 318, 3: 352, 4: 327, 5: 326, 6: 348, 7: 374, 8: 330, 9: 331}",1.2296955585479736,0.9334999918937683,15.7,68.6,22292.703125,0.0,0.0,1,mnist,classification,cnn,0.01,32,3
mnist_123_20251105_190127,8,client_9,"{0: 320, 1: 362, 2: 365, 3: 343, 4: 351, 5: 328, 6: 358, 7: 347, 8: 337, 9: 311}",1.2143328189849854,0.9294999837875366,14.7,68.6,22299.6484375,0.0,0.0,1,mnist,classification,cnn,0.01,32,3
mnist_123_20251105_190127,8,client_10,"{0: 340, 1: 407, 2: 343, 3: 333, 4: 348, 5: 284, 6: 318, 7: 365, 8: 345, 9: 339}",1.1761493682861328,0.9345999956130981,15.3,68.65,22307.99609375,0.0,0.0,1,mnist,classification,cnn,0.01,32,3
mnist_123_20251105_190127,8,client_11,"{0: 347, 1: 395, 2: 319, 3: 321, 4: 345, 5: 290, 6: 361, 7: 362, 8: 330, 9: 352}",1.2365837097167969,0.9320999979972839,13.85,68.7,22313.625,0.0,0.0,1,mnist,classification,cnn,0.01,32,3
mnist_123_20251105_190127,8,client_12,"{0: 321, 1: 358, 2: 367, 3: 352, 4: 337, 5: 313, 6: 339, 7: 360, 8: 333, 9: 342}",1.1402723789215088,0.930899977684021,13.8,68.7,22329.953125,0.0,0.0,1,mnist,classification,cnn,0.01,32,3
mnist_123_20251105_190127,8,client_13,"{0: 343, 1: 399, 2: 322, 3: 336, 4: 349, 5: 290, 6: 322, 7: 333, 8: 390, 9: 338}",1.2639446258544922,0.9312000274658203,16.9,68.75,22345.7890625,0.0,0.0,1,mnist,classification,cnn,0.01,32,3
mnist_123_20251105_190127,8,client_14,"{0: 334, 1: 437, 2: 336, 3: 341, 4: 347, 5: 326, 6: 309, 7: 335, 8: 326, 9: 331}",1.2681808471679688,0.9345999956130981,13.55,68.8,22366.19921875,0.0,0.0,1,mnist,classification,cnn,0.01,32,3
mnist_123_20251105_190127,8,client_15,"{0: 348, 1: 382, 2: 339, 3: 317, 4: 328, 5: 320, 6: 321, 7: 363, 8: 363, 9: 341}",1.1819984912872314,0.932699978351593,16.75,68.9,22382.234375,0.0,0.0,1,mnist,classification,cnn,0.01,32,3
mnist_123_20251105_190127,8,client_16,"{0: 366, 1: 417, 2: 355, 3: 336, 4: 343, 5: 285, 6: 323, 7: 343, 8: 312, 9: 342}",1.2486133575439453,0.9368000030517578,13.95,68.95,22404.1484375,0.0,0.0,1,mnist,classification,cnn,0.01,32,3
mnist_123_20251105_190127,8,client_17,"{0: 327, 1: 410, 2: 340, 3: 363, 4: 328, 5: 303, 6: 337, 7: 340, 8: 313, 9: 361}",1.1586792469024658,0.9352999925613403,15.05,69.0,22421.19921875,0.0,0.0,1,mnist,classification,cnn,0.01,32,3
mnist_123_20251105_190127,8,client_18,"{0: 343, 1: 354, 2: 380, 3: 327, 4: 338, 5: 303, 6: 355, 7: 375, 8: 305, 9: 342}",1.2205917835235596,0.9341999888420105,15.6,69.05,22436.91015625,0.0,0.0,1,mnist,classification,cnn,0.01,32,3
mnist_123_20251105_190127,8,client_19,"{0: 326, 1: 410, 2: 337, 3: 355, 4: 286, 5: 322, 6: 331, 7: 384, 8: 323, 9: 348}",1.2129673957824707,0.9333000183105469,16.9,69.1,22454.7265625,0.0,0.0,1,mnist,classification,cnn,0.01,32,3
mnist_123_20251105_190127,8,client_20,"{0: 358, 1: 414, 2: 347, 3: 348, 4: 341, 5: 296, 6: 308, 7: 366, 8: 310, 9: 334}",1.2031583786010742,0.933899998664856,12.45,69.15,22474.0859375,0.0,0.0,1,mnist,classification,cnn,0.01,32,3
mnist_123_20251105_190127,9,client_1,"{0: 100, 1: 100, 2: 100, 3: 100, 4: 100, 5: 100, 6: 100, 7: 100, 8: 100, 9: 100}",0.5807662010192871,0.9348000288009644,14.2,69.05,22445.2109375,0.0,0.0,1,mnist,classification,cnn,0.01,32,3
mnist_123_20251105_190127,9,client_2,"{0: 100, 1: 30, 2: 40, 3: 200, 4: 10, 5: 50, 6: 70, 7: 90, 8: 60, 9: 20}",0.4851040840148926,0.9283999800682068,16.25,69.1,22460.03125,0.0,0.0,1,mnist,classification,cnn,0.01,32,3
mnist_123_20251105_190127,9,client_3,"{0: 150, 1: 150, 2: 150, 3: 150, 4: 150, 5: 150, 6: 150, 7: 150, 8: 150, 9: 150}",0.6718719005584717,0.9358000159263611,13.3,69.15,22462.06640625,0.0,0.0,1,mnist,classification,cnn,0.01,32,3
mnist_123_20251105_190127,9,client_4,"{0: 50, 1: 50, 2: 50, 3: 50, 4: 50, 5: 50, 6: 50, 7: 50, 8: 50, 9: 50}",0.4492330551147461,0.9388999938964844,13.649999999999999,69.2,22502.59375,0.0,0.0,1,mnist,classification,cnn,0.01,32,3
mnist_123_20251105_190127,9,client_5,"{0: 500, 1: 500, 2: 500, 3: 500, 4: 500, 5: 500, 6: 500, 7: 500, 8: 500, 9: 500}",1.5799412727355957,0.9383000135421753,16.700000000000003,69.3,22510.24609375,0.0,0.0,1,mnist,classification,cnn,0.01,32,3
mnist_123_20251105_190127,9,client_6,"{0: 306, 1: 396, 2: 315, 3: 364, 4: 344, 5: 283, 6: 369, 7: 364, 8: 305, 9: 376}",1.2016849517822266,0.9362999796867371,16.8,69.3,22516.75390625,0.0,0.0,1,mnist,classification,cnn,0.01,32,3
mnist_123_20251105_190127,9,client_7,"{0: 333, 1: 366, 2: 335, 3: 343, 4: 320, 5: 302, 6: 349, 7: 364, 8: 369, 9: 341}",1.2408604621887207,0.9380000233650208,15.25,69.3,22518.8203125,0.0,0.0,1,mnist,classification,cnn,0.01,32,3
mnist_123_20251105_190127,9,client_8,"{0: 311, 1: 405, 2: 318, 3: 352, 4: 327, 5: 326, 6: 348, 7: 374, 8: 330, 9: 331}",1.1431300640106201,0.9376000165939331,13.8,69.3,22522.73046875,0.0,0.0,1,mnist,classification,cnn,0.01,32,3
mnist_123_20251105_190127,9,client_9,"{0: 320, 1: 362, 2: 365, 3: 343, 4: 351, 5: 328, 6: 358, 7: 347, 8: 337, 9: 311}",1.2353012561798096,0.9314000010490417,15.9,69.3,22527.17578125,0.0,0.0,1,mnist,classification,cnn,0.01,32,3
mnist_123_20251105_190127,9,client_10,"{0: 340, 1: 407, 2: 343, 3: 333, 4: 348, 5: 284, 6: 318, 7: 365, 8: 345, 9: 339}",1.171950340270996,0.9373999834060669,14.799999999999999,69.35,22533.59765625,0.0,0.0,1,mnist,classification,cnn,0.01,32,3
mnist_123_20251105_190127,9,client_11,"{0: 347, 1: 395, 2: 319, 3: 321, 4: 345, 5: 290, 6: 361, 7: 362, 8: 330, 9: 352}",1.2848012447357178,0.935699999332428,18.55,69.4,22546.86328125,0.0,0.0,1,mnist,classification,cnn,0.01,32,3
mnist_123_20251105_190127,9,client_12,"{0: 321, 1: 358, 2: 367, 3: 352, 4: 337, 5: 313, 6: 339, 7: 360, 8: 333, 9: 342}",1.2344880104064941,0.9329000115394592,13.6,69.45,22564.62109375,0.0,0.0,1,mnist,classification,cnn,0.01,32,3
mnist_123_20251105_190127,9,client_13,"{0: 343, 1: 399, 2: 322, 3: 336, 4: 349, 5: 290, 6: 322, 7: 333, 8: 390, 9: 338}",1.1419148445129395,0.9343000054359436,14.6,69.5,22582.921875,0.0,0.0,1,mnist,classification,cnn,0.01,32,3
mnist_123_20251105_190127,9,client_14,"{0: 334, 1: 437, 2: 336, 3: 341, 4: 347, 5: 326, 6: 309, 7: 335, 8: 326, 9: 331}",1.258448839187622,0.9376999735832214,14.9,69.55,22600.7421875,0.0,0.0,1,mnist,classification,cnn,0.01,32,3
mnist_123_20251105_190127,9,client_15,"{0: 348, 1: 382, 2: 339, 3: 317, 4: 328, 5: 320, 6: 321, 7: 363, 8: 363, 9: 341}",1.1705987453460693,0.9351000189781189,14.95,69.6,22620.84375,0.0,0.0,1,mnist,classification,cnn,0.01,32,3
mnist_123_20251105_190127,9,client_16,"{0: 366, 1: 417, 2: 355, 3: 336, 4: 343, 5: 285, 6: 323, 7: 343, 8: 312, 9: 342}",1.2074897289276123,0.9394999742507935,15.65,69.65,22637.640625,0.0,0.0,1,mnist,classification,cnn,0.01,32,3
mnist_123_20251105_190127,9,client_17,"{0: 327, 1: 410, 2: 340, 3: 363, 4: 328, 5: 303, 6: 337, 7: 340, 8: 313, 9: 361}",1.2465319633483887,0.9366999864578247,13.3,69.7,22654.28125,0.0,0.0,1,mnist,classification,cnn,0.01,32,3
mnist_123_20251105_190127,9,client_18,"{0: 343, 1: 354, 2: 380, 3: 327, 4: 338, 5: 303, 6: 355, 7: 375, 8: 305, 9: 342}",1.1640598773956299,0.9376000165939331,16.15,69.8,22674.9140625,0.0,0.0,1,mnist,classification,cnn,0.01,32,3
mnist_123_20251105_190127,9,client_19,"{0: 326, 1: 410, 2: 337, 3: 355, 4: 286, 5: 322, 6: 331, 7: 384, 8: 323, 9: 348}",1.242159366607666,0.9348999857902527,17.95,69.85,22693.2109375,0.0,0.0,1,mnist,classification,cnn,0.01,32,3
mnist_123_20251105_190127,9,client_20,"{0: 358, 1: 414, 2: 347, 3: 348, 4: 341, 5: 296, 6: 308, 7: 366, 8: 310, 9: 334}",1.1837141513824463,0.9375,15.05,69.9,22710.34765625,0.0,0.0,1,mnist,classification,cnn,0.01,32,3
mnist_123_20251105_190127,10,client_1,"{0: 100, 1: 100, 2: 100, 3: 100, 4: 100, 5: 100, 6: 100, 7: 100, 8: 100, 9: 100}",0.5781571865081787,0.9380000233650208,15.45,69.8,22685.03125,0.0,0.0,1,mnist,classification,cnn,0.01,32,3
mnist_123_20251105_190127,10,client_2,"{0: 100, 1: 30, 2: 40, 3: 200, 4: 10, 5: 50, 6: 70, 7: 90, 8: 60, 9: 20}",0.4616425037384033,0.9318000078201294,13.9,69.85,22693.46875,0.0,0.0,1,mnist,classification,cnn,0.01,32,3
mnist_123_20251105_190127,10,client_3,"{0: 150, 1: 150, 2: 150, 3: 150, 4: 150, 5: 150, 6: 150, 7: 150, 8: 150, 9: 150}",0.6835310459136963,0.9380999803543091,14.25,69.9,22697.37890625,0.0,0.0,1,mnist,classification,cnn,0.01,32,3
mnist_123_20251105_190127,10,client_4,"{0: 50, 1: 50, 2: 50, 3: 50, 4: 50, 5: 50, 6: 50, 7: 50, 8: 50, 9: 50}",0.47574400901794434,0.941100001335144,15.149999999999999,69.9,22707.77734375,0.0,0.0,1,mnist,classification,cnn,0.01,32,3
mnist_123_20251105_190127,10,client_5,"{0: 500, 1: 500, 2: 500, 3: 500, 4: 500, 5: 500, 6: 500, 7: 500, 8: 500, 9: 500}",1.646414041519165,0.9412999749183655,11.7,69.9,22715.6796875,0.0,0.0,1,mnist,classification,cnn,0.01,32,3
mnist_123_20251105_190127,10,client_6,"{0: 306, 1: 396, 2: 315, 3: 364, 4: 344, 5: 283, 6: 369, 7: 364, 8: 305, 9: 376}",1.1544654369354248,0.9386000037193298,12.95,69.9,22715.03125,0.0,0.0,1,mnist,classification,cnn,0.01,32,3
mnist_123_20251105_190127,10,client_7,"{0: 333, 1: 366, 2: 335, 3: 343, 4: 320, 5: 302, 6: 349, 7: 364, 8: 369, 9: 341}",1.2213990688323975,0.9398999810218811,16.5,69.9,22722.01953125,0.0,0.0,1,mnist,classification,cnn,0.01,32,3
mnist_123_20251105_190127,10,client_8,"{0: 311, 1: 405, 2: 318, 3: 352, 4: 327, 5: 326, 6: 348, 7: 374, 8: 330, 9: 331}",1.1754419803619385,0.9391999840736389,15.55,69.95,22729.57421875,0.0,0.0,1,mnist,classification,cnn,0.01,32,3
mnist_123_20251105_190127,10,client_9,"{0: 320, 1: 362, 2: 365, 3: 343, 4: 351, 5: 328, 6: 358, 7: 347, 8: 337, 9: 311}",1.2037572860717773,0.9340000152587891,15.8,70.0,22732.41796875,0.0,0.0,1,mnist,classification,cnn,0.01,32,3
mnist_123_20251105_190127,10,client_10,"{0: 340, 1: 407, 2: 343, 3: 333, 4: 348, 5: 284, 6: 318, 7: 365, 8: 345, 9: 339}",1.297755479812622,0.9404000043869019,12.05,70.0,22740.859375,0.0,0.0,1,mnist,classification,cnn,0.01,32,3
mnist_123_20251105_190127,10,client_11,"{0: 347, 1: 395, 2: 319, 3: 321, 4: 345, 5: 290, 6: 361, 7: 362, 8: 330, 9: 352}",1.179481029510498,0.9373999834060669,16.65,70.0,22756.62890625,0.0,0.0,1,mnist,classification,cnn,0.01,32,3
mnist_123_20251105_190127,10,client_12,"{0: 321, 1: 358, 2: 367, 3: 352, 4: 337, 5: 313, 6: 339, 7: 360, 8: 333, 9: 342}",1.2467751502990723,0.9347000122070312,15.15,70.1,22772.70703125,0.0,0.0,1,mnist,classification,cnn,0.01,32,3
mnist_123_20251105_190127,10,client_13,"{0: 343, 1: 399, 2: 322, 3: 336, 4: 349, 5: 290, 6: 322, 7: 333, 8: 390, 9: 338}",1.20444917678833,0.9372000098228455,12.45,70.15,22789.69921875,0.0,0.0,1,mnist,classification,cnn,0.01,32,3
mnist_123_20251105_190127,10,client_14,"{0: 334, 1: 437, 2: 336, 3: 341, 4: 347, 5: 326, 6: 309, 7: 335, 8: 326, 9: 331}",1.1822476387023926,0.9401000142097473,17.200000000000003,70.2,22806.984375,0.0,0.0,1,mnist,classification,cnn,0.01,32,3
mnist_123_20251105_190127,10,client_15,"{0: 348, 1: 382, 2: 339, 3: 317, 4: 328, 5: 320, 6: 321, 7: 363, 8: 363, 9: 341}",1.2279555797576904,0.9372000098228455,17.35,70.25,22822.95703125,0.0,0.0,1,mnist,classification,cnn,0.01,32,3
mnist_123_20251105_190127,10,client_16,"{0: 366, 1: 417, 2: 355, 3: 336, 4: 343, 5: 285, 6: 323, 7: 343, 8: 312, 9: 342}",1.1601743698120117,0.9416000247001648,14.7,70.3,22840.484375,0.0,0.0,1,mnist,classification,cnn,0.01,32,3
mnist_123_20251105_190127,10,client_17,"{0: 327, 1: 410, 2: 340, 3: 363, 4: 328, 5: 303, 6: 337, 7: 340, 8: 313, 9: 361}",1.475586175918579,0.9398000240325928,30.75,70.8,23153.8125,0.0,0.0,1,mnist,classification,cnn,0.01,32,3
mnist_123_20251105_190127,10,client_18,"{0: 343, 1: 354, 2: 380, 3: 327, 4: 338, 5: 303, 6: 355, 7: 375, 8: 305, 9: 342}",1.217167854309082,0.9398000240325928,16.15,71.3,23162.75,0.0,0.0,1,mnist,classification,cnn,0.01,32,3
mnist_123_20251105_190127,10,client_19,"{0: 326, 1: 410, 2: 337, 3: 355, 4: 286, 5: 322, 6: 331, 7: 384, 8: 323, 9: 348}",1.1649680137634277,0.9380000233650208,20.1,71.3,23178.40234375,0.0,0.0,1,mnist,classification,cnn,0.01,32,3
mnist_123_20251105_190127,10,client_20,"{0: 358, 1: 414, 2: 347, 3: 348, 4: 341, 5: 296, 6: 308, 7: 366, 8: 310, 9: 334}",1.213277816772461,0.939300000667572,17.700000000000003,71.4,23037.3359375,0.0,0.0,1,mnist,classification,cnn,0.01,32,3
mnist_123_20251105_190127,11,client_1,"{0: 100, 1: 100, 2: 100, 3: 100, 4: 100, 5: 100, 6: 100, 7: 100, 8: 100, 9: 100}",0.5944879055023193,0.9409999847412109,19.299999999999997,70.4,22694.9375,0.0,0.0,1,mnist,classification,cnn,0.01,32,3
mnist_123_20251105_190127,11,client_2,"{0: 100, 1: 30, 2: 40, 3: 200, 4: 10, 5: 50, 6: 70, 7: 90, 8: 60, 9: 20}",0.49951767921447754,0.9355999827384949,15.95,69.9,22702.80078125,0.0,0.0,1,mnist,classification,cnn,0.01,32,3
mnist_123_20251105_190127,11,client_3,"{0: 150, 1: 150, 2: 150, 3: 150, 4: 150, 5: 150, 6: 150, 7: 150, 8: 150, 9: 150}",0.778048038482666,0.9402999877929688,15.55,69.9,22728.09375,0.0,0.0,1,mnist,classification,cnn,0.01,32,3
mnist_123_20251105_190127,11,client_4,"{0: 50, 1: 50, 2: 50, 3: 50, 4: 50, 5: 50, 6: 50, 7: 50, 8: 50, 9: 50}",0.41525745391845703,0.9426000118255615,10.45,70.0,22731.81640625,0.0,0.0,1,mnist,classification,cnn,0.01,32,3
mnist_123_20251105_190127,11,client_5,"{0: 500, 1: 500, 2: 500, 3: 500, 4: 500, 5: 500, 6: 500, 7: 500, 8: 500, 9: 500}",1.6031782627105713,0.9433000087738037,15.0,70.0,22739.28515625,0.0,0.0,1,mnist,classification,cnn,0.01,32,3
mnist_123_20251105_190127,11,client_6,"{0: 306, 1: 396, 2: 315, 3: 364, 4: 344, 5: 283, 6: 369, 7: 364, 8: 305, 9: 376}",1.2237169742584229,0.9415000081062317,13.5,70.0,22755.8203125,0.0,0.0,1,mnist,classification,cnn,0.01,32,3
mnist_123_20251105_190127,11,client_7,"{0: 333, 1: 366, 2: 335, 3: 343, 4: 320, 5: 302, 6: 349, 7: 364, 8: 369, 9: 341}",1.1524341106414795,0.9416000247001648,19.95,70.1,22761.125,0.0,0.0,1,mnist,classification,cnn,0.01,32,3
mnist_123_20251105_190127,11,client_8,"{0: 311, 1: 405, 2: 318, 3: 352, 4: 327, 5: 326, 6: 348, 7: 374, 8: 330, 9: 331}",1.229435682296753,0.9417999982833862,15.549999999999999,70.1,22768.62109375,0.0,0.0,1,mnist,classification,cnn,0.01,32,3
mnist_123_20251105_190127,11,client_9,"{0: 320, 1: 362, 2: 365, 3: 343, 4: 351, 5: 328, 6: 358, 7: 347, 8: 337, 9: 311}",1.1750469207763672,0.9352999925613403,14.25,70.1,22776.94921875,0.0,0.0,1,mnist,classification,cnn,0.01,32,3
mnist_123_20251105_190127,11,client_10,"{0: 340, 1: 407, 2: 343, 3: 333, 4: 348, 5: 284, 6: 318, 7: 365, 8: 345, 9: 339}",1.2145531177520752,0.9416999816894531,15.75,70.1,22786.16796875,0.0,0.0,1,mnist,classification,cnn,0.01,32,3
mnist_123_20251105_190127,11,client_11,"{0: 347, 1: 395, 2: 319, 3: 321, 4: 345, 5: 290, 6: 361, 7: 362, 8: 330, 9: 352}",1.2089252471923828,0.9404000043869019,13.9,70.15,22800.0078125,0.0,0.0,1,mnist,classification,cnn,0.01,32,3
mnist_123_20251105_190127,11,client_12,"{0: 321, 1: 358, 2: 367, 3: 352, 4: 337, 5: 313, 6: 339, 7: 360, 8: 333, 9: 342}",1.158475399017334,0.9362999796867371,19.1,70.2,22819.10546875,0.0,0.0,1,mnist,classification,cnn,0.01,32,3
mnist_123_20251105_190127,11,client_13,"{0: 343, 1: 399, 2: 322, 3: 336, 4: 349, 5: 290, 6: 322, 7: 333, 8: 390, 9: 338}",1.249993085861206,0.9395999908447266,16.9,70.3,22836.5703125,0.0,0.0,1,mnist,classification,cnn,0.01,32,3
mnist_123_20251105_190127,11,client_14,"{0: 334, 1: 437, 2: 336, 3: 341, 4: 347, 5: 326, 6: 309, 7: 335, 8: 326, 9: 331}",1.1451599597930908,0.9416999816894531,17.5,70.3,22852.16796875,0.0,0.0,1,mnist,classification,cnn,0.01,32,3
mnist_123_20251105_190127,11,client_15,"{0: 348, 1: 382, 2: 339, 3: 317, 4: 328, 5: 320, 6: 321, 7: 363, 8: 363, 9: 341}",1.21224045753479,0.9398000240325928,15.8,70.4,22871.85546875,0.0,0.0,1,mnist,classification,cnn,0.01,32,3
mnist_123_20251105_190127,11,client_16,"{0: 366, 1: 417, 2: 355, 3: 336, 4: 343, 5: 285, 6: 323, 7: 343, 8: 312, 9: 342}",1.2353191375732422,0.9434000253677368,11.5,70.45,22890.6171875,0.0,0.0,1,mnist,classification,cnn,0.01,32,3
mnist_123_20251105_190127,11,client_17,"{0: 327, 1: 410, 2: 340, 3: 363, 4: 328, 5: 303, 6: 337, 7: 340, 8: 313, 9: 361}",1.2201340198516846,0.9419000148773193,15.100000000000001,70.5,22911.67578125,0.0,0.0,1,mnist,classification,cnn,0.01,32,3
mnist_123_20251105_190127,11,client_18,"{0: 343, 1: 354, 2: 380, 3: 327, 4: 338, 5: 303, 6: 355, 7: 375, 8: 305, 9: 342}",1.2619822025299072,0.9420999884605408,13.75,70.55,22934.71484375,0.0,0.0,1,mnist,classification,cnn,0.01,32,3
mnist_123_20251105_190127,11,client_19,"{0: 326, 1: 410, 2: 337, 3: 355, 4: 286, 5: 322, 6: 331, 7: 384, 8: 323, 9: 348}",1.1713097095489502,0.9409999847412109,15.149999999999999,70.6,22948.7578125,0.0,0.0,1,mnist,classification,cnn,0.01,32,3
mnist_123_20251105_190127,11,client_20,"{0: 358, 1: 414, 2: 347, 3: 348, 4: 341, 5: 296, 6: 308, 7: 366, 8: 310, 9: 334}",1.233586311340332,0.9419000148773193,16.7,70.7,22964.609375,0.0,0.0,1,mnist,classification,cnn,0.01,32,3
mnist_123_20251105_190127,12,client_1,"{0: 100, 1: 100, 2: 100, 3: 100, 4: 100, 5: 100, 6: 100, 7: 100, 8: 100, 9: 100}",0.5456163883209229,0.942799985408783,10.25,70.6,22940.89453125,0.0,0.0,1,mnist,classification,cnn,0.01,32,3
mnist_123_20251105_190127,12,client_2,"{0: 100, 1: 30, 2: 40, 3: 200, 4: 10, 5: 50, 6: 70, 7: 90, 8: 60, 9: 20}",0.49174046516418457,0.9372000098228455,15.75,70.6,22947.71484375,0.0,0.0,1,mnist,classification,cnn,0.01,32,3
mnist_123_20251105_190127,12,client_3,"{0: 150, 1: 150, 2: 150, 3: 150, 4: 150, 5: 150, 6: 150, 7: 150, 8: 150, 9: 150}",0.6973834037780762,0.9420999884605408,16.75,70.65,22957.55859375,0.0,0.0,1,mnist,classification,cnn,0.01,32,3
mnist_123_20251105_190127,12,client_4,"{0: 50, 1: 50, 2: 50, 3: 50, 4: 50, 5: 50, 6: 50, 7: 50, 8: 50, 9: 50}",0.48395419120788574,0.9441999793052673,15.25,70.7,22963.46484375,0.0,0.0,1,mnist,classification,cnn,0.01,32,3
mnist_123_20251105_190127,12,client_5,"{0: 500, 1: 500, 2: 500, 3: 500, 4: 500, 5: 500, 6: 500, 7: 500, 8: 500, 9: 500}",1.5888195037841797,0.944599986076355,14.65,70.7,22971.37109375,0.0,0.0,1,mnist,classification,cnn,0.01,32,3
mnist_123_20251105_190127,12,client_6,"{0: 306, 1: 396, 2: 315, 3: 364, 4: 344, 5: 283, 6: 369, 7: 364, 8: 305, 9: 376}",1.2273094654083252,0.9423999786376953,18.95,70.75,22992.02734375,0.0,0.0,1,mnist,classification,cnn,0.01,32,3
mnist_123_20251105_190127,12,client_7,"{0: 333, 1: 366, 2: 335, 3: 343, 4: 320, 5: 302, 6: 349, 7: 364, 8: 369, 9: 341}",1.1901671886444092,0.944599986076355,14.0,70.8,22994.9296875,0.0,0.0,1,mnist,classification,cnn,0.01,32,3
mnist_123_20251105_190127,12,client_8,"{0: 311, 1: 405, 2: 318, 3: 352, 4: 327, 5: 326, 6: 348, 7: 374, 8: 330, 9: 331}",1.2069928646087646,0.9438999891281128,17.4,70.8,22999.9765625,0.0,0.0,1,mnist,classification,cnn,0.01,32,3
mnist_123_20251105_190127,12,client_9,"{0: 320, 1: 362, 2: 365, 3: 343, 4: 351, 5: 328, 6: 358, 7: 347, 8: 337, 9: 311}",1.3106064796447754,0.9380000233650208,20.450000000000003,70.8,23009.734375,0.0,0.0,1,mnist,classification,cnn,0.01,32,3
mnist_123_20251105_190127,12,client_10,"{0: 340, 1: 407, 2: 343, 3: 333, 4: 348, 5: 284, 6: 318, 7: 365, 8: 345, 9: 339}",1.1431756019592285,0.942799985408783,16.25,70.8,23015.57421875,0.0,0.0,1,mnist,classification,cnn,0.01,32,3
mnist_123_20251105_190127,12,client_11,"{0: 347, 1: 395, 2: 319, 3: 321, 4: 345, 5: 290, 6: 361, 7: 362, 8: 330, 9: 352}",1.336017370223999,0.9422000050544739,20.35,70.9,23034.51953125,0.0,0.0,1,mnist,classification,cnn,0.01,32,3
mnist_123_20251105_190127,12,client_12,"{0: 321, 1: 358, 2: 367, 3: 352, 4: 337, 5: 313, 6: 339, 7: 360, 8: 333, 9: 342}",1.238600254058838,0.9380000233650208,17.65,70.95,23045.66015625,0.0,0.0,1,mnist,classification,cnn,0.01,32,3
mnist_123_20251105_190127,12,client_13,"{0: 343, 1: 399, 2: 322, 3: 336, 4: 349, 5: 290, 6: 322, 7: 333, 8: 390, 9: 338}",1.2414443492889404,0.9416999816894531,15.0,70.95,23055.3515625,0.0,0.0,1,mnist,classification,cnn,0.01,32,3
mnist_123_20251105_190127,12,client_14,"{0: 334, 1: 437, 2: 336, 3: 341, 4: 347, 5: 326, 6: 309, 7: 335, 8: 326, 9: 331}",1.266420841217041,0.9437999725341797,18.75,71.1,23108.1484375,0.0,0.0,1,mnist,classification,cnn,0.01,32,3
mnist_123_20251105_190127,12,client_15,"{0: 348, 1: 382, 2: 339, 3: 317, 4: 328, 5: 320, 6: 321, 7: 363, 8: 363, 9: 341}",1.0487031936645508,0.9412999749183655,21.450000000000003,71.1,23096.73046875,0.0,0.0,1,mnist,classification,cnn,0.01,32,3
mnist_123_20251105_190127,12,client_16,"{0: 366, 1: 417, 2: 355, 3: 336, 4: 343, 5: 285, 6: 323, 7: 343, 8: 312, 9: 342}",1.039013147354126,0.945900022983551,16.95,71.15,23115.2578125,0.0,0.0,1,mnist,classification,cnn,0.01,32,3
mnist_123_20251105_190127,12,client_17,"{0: 327, 1: 410, 2: 340, 3: 363, 4: 328, 5: 303, 6: 337, 7: 340, 8: 313, 9: 361}",1.0289256572723389,0.9437000155448914,12.05,71.2,23120.95703125,0.0,0.0,1,mnist,classification,cnn,0.01,32,3
mnist_123_20251105_190127,12,client_18,"{0: 343, 1: 354, 2: 380, 3: 327, 4: 338, 5: 303, 6: 355, 7: 375, 8: 305, 9: 342}",1.0329346656799316,0.9434999823570251,17.1,71.2,23134.7734375,0.0,0.0,1,mnist,classification,cnn,0.01,32,3
mnist_123_20251105_190127,12,client_19,"{0: 326, 1: 410, 2: 337, 3: 355, 4: 286, 5: 322, 6: 331, 7: 384, 8: 323, 9: 348}",1.0304570198059082,0.9416999816894531,11.899999999999999,71.25,23157.33203125,0.0,0.0,1,mnist,classification,cnn,0.01,32,3
mnist_123_20251105_190127,12,client_20,"{0: 358, 1: 414, 2: 347, 3: 348, 4: 341, 5: 296, 6: 308, 7: 366, 8: 310, 9: 334}",1.0298922061920166,0.9435999989509583,17.65,71.3,23175.02734375,0.0,0.0,1,mnist,classification,cnn,0.01,32,3
mnist_123_20251105_190127,13,client_1,"{0: 100, 1: 100, 2: 100, 3: 100, 4: 100, 5: 100, 6: 100, 7: 100, 8: 100, 9: 100}",0.5131688117980957,0.9444000124931335,16.1,71.25,23155.4765625,0.0,0.0,1,mnist,classification,cnn,0.01,32,3
mnist_123_20251105_190127,13,client_2,"{0: 100, 1: 30, 2: 40, 3: 200, 4: 10, 5: 50, 6: 70, 7: 90, 8: 60, 9: 20}",0.44527220726013184,0.9395999908447266,9.8,71.3,23160.45703125,0.0,0.0,1,mnist,classification,cnn,0.01,32,3
mnist_123_20251105_190127,13,client_3,"{0: 150, 1: 150, 2: 150, 3: 150, 4: 150, 5: 150, 6: 150, 7: 150, 8: 150, 9: 150}",0.6148772239685059,0.944599986076355,21.6,71.3,23172.37109375,0.0,0.0,1,mnist,classification,cnn,0.01,32,3
mnist_123_20251105_190127,13,client_4,"{0: 50, 1: 50, 2: 50, 3: 50, 4: 50, 5: 50, 6: 50, 7: 50, 8: 50, 9: 50}",0.40070366859436035,0.946399986743927,12.05,71.3,23177.796875,0.0,0.0,1,mnist,classification,cnn,0.01,32,3
mnist_123_20251105_190127,13,client_5,"{0: 500, 1: 500, 2: 500, 3: 500, 4: 500, 5: 500, 6: 500, 7: 500, 8: 500, 9: 500}",1.3646979331970215,0.9466000199317932,13.55,71.4,23185.48828125,0.0,0.0,1,mnist,classification,cnn,0.01,32,3
mnist_123_20251105_190127,13,client_6,"{0: 306, 1: 396, 2: 315, 3: 364, 4: 344, 5: 283, 6: 369, 7: 364, 8: 305, 9: 376}",1.0250020027160645,0.9445000290870667,17.2,71.4,23203.0390625,0.0,0.0,1,mnist,classification,cnn,0.01,32,3
mnist_123_20251105_190127,13,client_7,"{0: 333, 1: 366, 2: 335, 3: 343, 4: 320, 5: 302, 6: 349, 7: 364, 8: 369, 9: 341}",1.0296554565429688,0.9460999965667725,18.0,71.4,23205.52734375,0.0,0.0,1,mnist,classification,cnn,0.01,32,3
mnist_123_20251105_190127,13,client_8,"{0: 311, 1: 405, 2: 318, 3: 352, 4: 327, 5: 326, 6: 348, 7: 374, 8: 330, 9: 331}",1.0208351612091064,0.9460999965667725,12.8,71.45,23214.015625,0.0,0.0,1,mnist,classification,cnn,0.01,32,3
mnist_123_20251105_190127,13,client_9,"{0: 320, 1: 362, 2: 365, 3: 343, 4: 351, 5: 328, 6: 358, 7: 347, 8: 337, 9: 311}",1.0325794219970703,0.9401999711990356,12.0,71.5,23226.46875,0.0,0.0,1,mnist,classification,cnn,0.01,32,3
mnist_123_20251105_190127,13,client_10,"{0: 340, 1: 407, 2: 343, 3: 333, 4: 348, 5: 284, 6: 318, 7: 365, 8: 345, 9: 339}",1.0284738540649414,0.9438999891281128,17.25,71.5,23237.3359375,0.0,0.0,1,mnist,classification,cnn,0.01,32,3
mnist_123_20251105_190127,13,client_11,"{0: 347, 1: 395, 2: 319, 3: 321, 4: 345, 5: 290, 6: 361, 7: 362, 8: 330, 9: 352}",1.0434281826019287,0.9434999823570251,13.75,71.55,23246.7421875,0.0,0.0,1,mnist,classification,cnn,0.01,32,3
mnist_123_20251105_190127,13,client_12,"{0: 321, 1: 358, 2: 367, 3: 352, 4: 337, 5: 313, 6: 339, 7: 360, 8: 333, 9: 342}",1.0217537879943848,0.9390000104904175,14.05,71.6,23266.73828125,0.0,0.0,1,mnist,classification,cnn,0.01,32,3
mnist_123_20251105_190127,13,client_13,"{0: 343, 1: 399, 2: 322, 3: 336, 4: 349, 5: 290, 6: 322, 7: 333, 8: 390, 9: 338}",1.0396485328674316,0.9440000057220459,12.95,71.65,23285.51953125,0.0,0.0,1,mnist,classification,cnn,0.01,32,3
mnist_123_20251105_190127,13,client_14,"{0: 334, 1: 437, 2: 336, 3: 341, 4: 347, 5: 326, 6: 309, 7: 335, 8: 326, 9: 331}",1.01851224899292,0.9448000192642212,14.6,71.7,23303.58203125,0.0,0.0,1,mnist,classification,cnn,0.01,32,3
mnist_123_20251105_190127,13,client_15,"{0: 348, 1: 382, 2: 339, 3: 317, 4: 328, 5: 320, 6: 321, 7: 363, 8: 363, 9: 341}",1.0318975448608398,0.9429000020027161,14.1,71.75,23327.0546875,0.0,0.0,1,mnist,classification,cnn,0.01,32,3
mnist_123_20251105_190127,13,client_16,"{0: 366, 1: 417, 2: 355, 3: 336, 4: 343, 5: 285, 6: 323, 7: 343, 8: 312, 9: 342}",1.0277793407440186,0.9473999738693237,16.9,71.85,23344.8515625,0.0,0.0,1,mnist,classification,cnn,0.01,32,3
mnist_123_20251105_190127,13,client_17,"{0: 327, 1: 410, 2: 340, 3: 363, 4: 328, 5: 303, 6: 337, 7: 340, 8: 313, 9: 361}",1.0344512462615967,0.9452000260353088,10.75,71.9,23358.4453125,0.0,0.0,1,mnist,classification,cnn,0.01,32,3
mnist_123_20251105_190127,13,client_18,"{0: 343, 1: 354, 2: 380, 3: 327, 4: 338, 5: 303, 6: 355, 7: 375, 8: 305, 9: 342}",1.0250341892242432,0.9456999897956848,13.899999999999999,71.95,23376.6015625,0.0,0.0,1,mnist,classification,cnn,0.01,32,3
mnist_123_20251105_190127,13,client_19,"{0: 326, 1: 410, 2: 337, 3: 355, 4: 286, 5: 322, 6: 331, 7: 384, 8: 323, 9: 348}",1.0403475761413574,0.9430000185966492,12.149999999999999,72.0,23393.45703125,0.0,0.0,1,mnist,classification,cnn,0.01,32,3
mnist_123_20251105_190127,13,client_20,"{0: 358, 1: 414, 2: 347, 3: 348, 4: 341, 5: 296, 6: 308, 7: 366, 8: 310, 9: 334}",1.0403320789337158,0.9452000260353088,20.45,72.05,23414.671875,0.0,0.0,1,mnist,classification,cnn,0.01,32,3
mnist_123_20251105_190127,14,client_1,"{0: 100, 1: 100, 2: 100, 3: 100, 4: 100, 5: 100, 6: 100, 7: 100, 8: 100, 9: 100}",0.5184023380279541,0.946399986743927,11.65,72.0,23394.75390625,0.0,0.0,1,mnist,classification,cnn,0.01,32,3
mnist_123_20251105_190127,14,client_2,"{0: 100, 1: 30, 2: 40, 3: 200, 4: 10, 5: 50, 6: 70, 7: 90, 8: 60, 9: 20}",0.43465113639831543,0.9401999711990356,18.15,72.0,23398.80859375,0.0,0.0,1,mnist,classification,cnn,0.01,32,3
mnist_123_20251105_190127,14,client_3,"{0: 150, 1: 150, 2: 150, 3: 150, 4: 150, 5: 150, 6: 150, 7: 150, 8: 150, 9: 150}",0.6238489151000977,0.9463000297546387,13.75,72.05,23408.28515625,0.0,0.0,1,mnist,classification,cnn,0.01,32,3
mnist_123_20251105_190127,14,client_4,"{0: 50, 1: 50, 2: 50, 3: 50, 4: 50, 5: 50, 6: 50, 7: 50, 8: 50, 9: 50}",0.4028034210205078,0.9480999708175659,14.5,72.1,23411.0859375,0.0,0.0,1,mnist,classification,cnn,0.01,32,3
mnist_123_20251105_190127,14,client_5,"{0: 500, 1: 500, 2: 500, 3: 500, 4: 500, 5: 500, 6: 500, 7: 500, 8: 500, 9: 500}",1.3503222465515137,0.9485999941825867,16.05,72.1,23418.32421875,0.0,0.0,1,mnist,classification,cnn,0.01,32,3
mnist_123_20251105_190127,14,client_6,"{0: 306, 1: 396, 2: 315, 3: 364, 4: 344, 5: 283, 6: 369, 7: 364, 8: 305, 9: 376}",1.0321333408355713,0.9452000260353088,10.75,72.1,23440.87109375,0.0,0.0,1,mnist,classification,cnn,0.01,32,3
mnist_123_20251105_190127,14,client_7,"{0: 333, 1: 366, 2: 335, 3: 343, 4: 320, 5: 302, 6: 349, 7: 364, 8: 369, 9: 341}",1.0486295223236084,0.9477999806404114,18.0,72.2,23454.73828125,0.0,0.0,1,mnist,classification,cnn,0.01,32,3
mnist_123_20251105_190127,14,client_8,"{0: 311, 1: 405, 2: 318, 3: 352, 4: 327, 5: 326, 6: 348, 7: 374, 8: 330, 9: 331}",1.0488839149475098,0.9476000070571899,15.35,72.2,23505.078125,0.0,0.0,1,mnist,classification,cnn,0.01,32,3
mnist_123_20251105_190127,14,client_9,"{0: 320, 1: 362, 2: 365, 3: 343, 4: 351, 5: 328, 6: 358, 7: 347, 8: 337, 9: 311}",1.0833430290222168,0.9409999847412109,23.05,72.4,23527.5703125,0.0,0.0,1,mnist,classification,cnn,0.01,32,3
mnist_123_20251105_190127,14,client_10,"{0: 340, 1: 407, 2: 343, 3: 333, 4: 348, 5: 284, 6: 318, 7: 365, 8: 345, 9: 339}",1.0361831188201904,0.9455000162124634,15.049999999999999,72.45,23534.56640625,0.0,0.0,1,mnist,classification,cnn,0.01,32,3
mnist_123_20251105_190127,14,client_11,"{0: 347, 1: 395, 2: 319, 3: 321, 4: 345, 5: 290, 6: 361, 7: 362, 8: 330, 9: 352}",1.0299861431121826,0.944599986076355,15.35,72.4,23531.7265625,0.0,0.0,1,mnist,classification,cnn,0.01,32,3
mnist_123_20251105_190127,14,client_12,"{0: 321, 1: 358, 2: 367, 3: 352, 4: 337, 5: 313, 6: 339, 7: 360, 8: 333, 9: 342}",1.0460560321807861,0.9398999810218811,15.649999999999999,72.45,23536.10546875,0.0,0.0,1,mnist,classification,cnn,0.01,32,3
mnist_123_20251105_190127,14,client_13,"{0: 343, 1: 399, 2: 322, 3: 336, 4: 349, 5: 290, 6: 322, 7: 333, 8: 390, 9: 338}",1.0297207832336426,0.9451000094413757,19.9,72.5,23552.65234375,0.0,0.0,1,mnist,classification,cnn,0.01,32,3
mnist_123_20251105_190127,14,client_14,"{0: 334, 1: 437, 2: 336, 3: 341, 4: 347, 5: 326, 6: 309, 7: 335, 8: 326, 9: 331}",1.0344045162200928,0.9466000199317932,11.8,72.55,23571.46875,0.0,0.0,1,mnist,classification,cnn,0.01,32,3
mnist_123_20251105_190127,14,client_15,"{0: 348, 1: 382, 2: 339, 3: 317, 4: 328, 5: 320, 6: 321, 7: 363, 8: 363, 9: 341}",1.0429043769836426,0.9437000155448914,15.1,72.6,23597.3515625,0.0,0.0,1,mnist,classification,cnn,0.01,32,3
mnist_123_20251105_190127,14,client_16,"{0: 366, 1: 417, 2: 355, 3: 336, 4: 343, 5: 285, 6: 323, 7: 343, 8: 312, 9: 342}",1.036975622177124,0.9485999941825867,14.4,72.7,23611.73046875,0.0,0.0,1,mnist,classification,cnn,0.01,32,3
mnist_123_20251105_190127,14,client_17,"{0: 327, 1: 410, 2: 340, 3: 363, 4: 328, 5: 303, 6: 337, 7: 340, 8: 313, 9: 361}",1.053670883178711,0.9466000199317932,15.899999999999999,72.75,23637.21484375,0.0,0.0,1,mnist,classification,cnn,0.01,32,3
mnist_123_20251105_190127,14,client_18,"{0: 343, 1: 354, 2: 380, 3: 327, 4: 338, 5: 303, 6: 355, 7: 375, 8: 305, 9: 342}",1.0405049324035645,0.9466999769210815,14.45,72.8,23653.4296875,0.0,0.0,1,mnist,classification,cnn,0.01,32,3
mnist_123_20251105_190127,14,client_19,"{0: 326, 1: 410, 2: 337, 3: 355, 4: 286, 5: 322, 6: 331, 7: 384, 8: 323, 9: 348}",1.0293676853179932,0.944599986076355,14.350000000000001,72.85,23673.89453125,0.0,0.0,1,mnist,classification,cnn,0.01,32,3
mnist_123_20251105_190127,14,client_20,"{0: 358, 1: 414, 2: 347, 3: 348, 4: 341, 5: 296, 6: 308, 7: 366, 8: 310, 9: 334}",1.0442290306091309,0.946399986743927,12.9,72.9,23698.23828125,0.0,0.0,1,mnist,classification,cnn,0.01,32,3
mnist_123_20251105_190127,15,client_1,"{0: 100, 1: 100, 2: 100, 3: 100, 4: 100, 5: 100, 6: 100, 7: 100, 8: 100, 9: 100}",0.5118663311004639,0.947700023651123,14.45,72.9,23672.53125,0.0,0.0,1,mnist,classification,cnn,0.01,32,3
mnist_123_20251105_190127,15,client_2,"{0: 100, 1: 30, 2: 40, 3: 200, 4: 10, 5: 50, 6: 70, 7: 90, 8: 60, 9: 20}",0.44400763511657715,0.9412999749183655,8.4,72.9,23679.00390625,0.0,0.0,1,mnist,classification,cnn,0.01,32,3
mnist_123_20251105_190127,15,client_3,"{0: 150, 1: 150, 2: 150, 3: 150, 4: 150, 5: 150, 6: 150, 7: 150, 8: 150, 9: 150}",0.6382811069488525,0.9473000168800354,16.8,72.9,23691.8203125,0.0,0.0,1,mnist,classification,cnn,0.01,32,3
mnist_123_20251105_190127,15,client_4,"{0: 50, 1: 50, 2: 50, 3: 50, 4: 50, 5: 50, 6: 50, 7: 50, 8: 50, 9: 50}",0.40324926376342773,0.9492999911308289,17.3,72.9,23694.00390625,0.0,0.0,1,mnist,classification,cnn,0.01,32,3
mnist_123_20251105_190127,15,client_5,"{0: 500, 1: 500, 2: 500, 3: 500, 4: 500, 5: 500, 6: 500, 7: 500, 8: 500, 9: 500}",1.3631021976470947,0.9498000144958496,12.45,72.95,23709.1328125,0.0,0.0,1,mnist,classification,cnn,0.01,32,3
mnist_123_20251105_190127,15,client_6,"{0: 306, 1: 396, 2: 315, 3: 364, 4: 344, 5: 283, 6: 369, 7: 364, 8: 305, 9: 376}",1.0323326587677002,0.9470000267028809,19.35,73.0,23713.25390625,0.0,0.0,1,mnist,classification,cnn,0.01,32,3
mnist_123_20251105_190127,15,client_7,"{0: 333, 1: 366, 2: 335, 3: 343, 4: 320, 5: 302, 6: 349, 7: 364, 8: 369, 9: 341}",1.0351428985595703,0.9495000243186951,14.399999999999999,73.0,23723.640625,0.0,0.0,1,mnist,classification,cnn,0.01,32,3
mnist_123_20251105_190127,15,client_8,"{0: 311, 1: 405, 2: 318, 3: 352, 4: 327, 5: 326, 6: 348, 7: 374, 8: 330, 9: 331}",1.0294551849365234,0.9484999775886536,16.4,73.05,23735.1015625,0.0,0.0,1,mnist,classification,cnn,0.01,32,3
mnist_123_20251105_190127,15,client_9,"{0: 320, 1: 362, 2: 365, 3: 343, 4: 351, 5: 328, 6: 358, 7: 347, 8: 337, 9: 311}",1.047502040863037,0.9426000118255615,15.1,73.1,23742.6640625,0.0,0.0,1,mnist,classification,cnn,0.01,32,3
mnist_123_20251105_190127,15,client_10,"{0: 340, 1: 407, 2: 343, 3: 333, 4: 348, 5: 284, 6: 318, 7: 365, 8: 345, 9: 339}",1.0355794429779053,0.9473999738693237,16.55,73.1,23756.77734375,0.0,0.0,1,mnist,classification,cnn,0.01,32,3
mnist_123_20251105_190127,15,client_11,"{0: 347, 1: 395, 2: 319, 3: 321, 4: 345, 5: 290, 6: 361, 7: 362, 8: 330, 9: 352}",1.039327621459961,0.9462000131607056,15.9,73.15,23764.046875,0.0,0.0,1,mnist,classification,cnn,0.01,32,3
mnist_123_20251105_190127,15,client_12,"{0: 321, 1: 358, 2: 367, 3: 352, 4: 337, 5: 313, 6: 339, 7: 360, 8: 333, 9: 342}",1.0262649059295654,0.9417999982833862,17.35,73.2,23782.32421875,0.0,0.0,1,mnist,classification,cnn,0.01,32,3
mnist_123_20251105_190127,15,client_13,"{0: 343, 1: 399, 2: 322, 3: 336, 4: 349, 5: 290, 6: 322, 7: 333, 8: 390, 9: 338}",1.039520502090454,0.9466000199317932,13.25,73.25,23800.265625,0.0,0.0,1,mnist,classification,cnn,0.01,32,3
mnist_123_20251105_190127,15,client_14,"{0: 334, 1: 437, 2: 336, 3: 341, 4: 347, 5: 326, 6: 309, 7: 335, 8: 326, 9: 331}",1.0378961563110352,0.9485999941825867,16.15,73.3,23819.90234375,0.0,0.0,1,mnist,classification,cnn,0.01,32,3
mnist_123_20251105_190127,15,client_15,"{0: 348, 1: 382, 2: 339, 3: 317, 4: 328, 5: 320, 6: 321, 7: 363, 8: 363, 9: 341}",1.0369887351989746,0.9451000094413757,12.9,73.35,23837.25390625,0.0,0.0,1,mnist,classification,cnn,0.01,32,3
mnist_123_20251105_190127,15,client_16,"{0: 366, 1: 417, 2: 355, 3: 336, 4: 343, 5: 285, 6: 323, 7: 343, 8: 312, 9: 342}",1.0315818786621094,0.9495999813079834,18.25,73.4,23855.66796875,0.0,0.0,1,mnist,classification,cnn,0.01,32,3
mnist_123_20251105_190127,15,client_17,"{0: 327, 1: 410, 2: 340, 3: 363, 4: 328, 5: 303, 6: 337, 7: 340, 8: 313, 9: 361}",1.0398201942443848,0.9484999775886536,12.75,73.5,23876.56640625,0.0,0.0,1,mnist,classification,cnn,0.01,32,3
mnist_123_20251105_190127,15,client_18,"{0: 343, 1: 354, 2: 380, 3: 327, 4: 338, 5: 303, 6: 355, 7: 375, 8: 305, 9: 342}",1.02769136428833,0.9485999941825867,15.4,73.55,23895.33984375,0.0,0.0,1,mnist,classification,cnn,0.01,32,3
mnist_123_20251105_190127,15,client_19,"{0: 326, 1: 410, 2: 337, 3: 355, 4: 286, 5: 322, 6: 331, 7: 384, 8: 323, 9: 348}",1.0389213562011719,0.9455999732017517,10.05,73.6,23912.046875,0.0,0.0,1,mnist,classification,cnn,0.01,32,3
mnist_123_20251105_190127,15,client_20,"{0: 358, 1: 414, 2: 347, 3: 348, 4: 341, 5: 296, 6: 308, 7: 366, 8: 310, 9: 334}",1.0279006958007812,0.9476000070571899,16.9,73.65,23934.67578125,0.0,0.0,1,mnist,classification,cnn,0.01,32,3
mnist_123_20251105_190127,16,client_1,"{0: 100, 1: 100, 2: 100, 3: 100, 4: 100, 5: 100, 6: 100, 7: 100, 8: 100, 9: 100}",0.5182831287384033,0.949400007724762,11.2,73.6,23916.05078125,0.0,0.0,1,mnist,classification,cnn,0.01,32,3
mnist_123_20251105_190127,16,client_2,"{0: 100, 1: 30, 2: 40, 3: 200, 4: 10, 5: 50, 6: 70, 7: 90, 8: 60, 9: 20}",0.4472541809082031,0.9431999921798706,12.95,73.6,23916.96484375,0.0,0.0,1,mnist,classification,cnn,0.01,32,3
mnist_123_20251105_190127,16,client_3,"{0: 150, 1: 150, 2: 150, 3: 150, 4: 150, 5: 150, 6: 150, 7: 150, 8: 150, 9: 150}",0.610083818435669,0.9492999911308289,16.55,73.6,23923.8828125,0.0,0.0,1,mnist,classification,cnn,0.01,32,3
mnist_123_20251105_190127,16,client_4,"{0: 50, 1: 50, 2: 50, 3: 50, 4: 50, 5: 50, 6: 50, 7: 50, 8: 50, 9: 50}",0.4004194736480713,0.9510999917984009,8.8,73.6,23928.20703125,0.0,0.0,1,mnist,classification,cnn,0.01,32,3
mnist_123_20251105_190127,16,client_5,"{0: 500, 1: 500, 2: 500, 3: 500, 4: 500, 5: 500, 6: 500, 7: 500, 8: 500, 9: 500}",1.3667755126953125,0.953000009059906,18.45,73.7,23937.25,0.0,0.0,1,mnist,classification,cnn,0.01,32,3
mnist_123_20251105_190127,16,client_6,"{0: 306, 1: 396, 2: 315, 3: 364, 4: 344, 5: 283, 6: 369, 7: 364, 8: 305, 9: 376}",1.036015510559082,0.9485999941825867,16.8,73.7,23946.48828125,0.0,0.0,1,mnist,classification,cnn,0.01,32,3
mnist_123_20251105_190127,16,client_7,"{0: 333, 1: 366, 2: 335, 3: 343, 4: 320, 5: 302, 6: 349, 7: 364, 8: 369, 9: 341}",1.0296897888183594,0.949999988079071,15.45,73.7,23954.0703125,0.0,0.0,1,mnist,classification,cnn,0.01,32,3
mnist_123_20251105_190127,16,client_8,"{0: 311, 1: 405, 2: 318, 3: 352, 4: 327, 5: 326, 6: 348, 7: 374, 8: 330, 9: 331}",1.035093069076538,0.9510999917984009,13.45,73.75,23964.5625,0.0,0.0,1,mnist,classification,cnn,0.01,32,3
mnist_123_20251105_190127,16,client_9,"{0: 320, 1: 362, 2: 365, 3: 343, 4: 351, 5: 328, 6: 358, 7: 347, 8: 337, 9: 311}",1.0438778400421143,0.9448000192642212,17.1,73.8,23974.3125,0.0,0.0,1,mnist,classification,cnn,0.01,32,3
mnist_123_20251105_190127,16,client_10,"{0: 340, 1: 407, 2: 343, 3: 333, 4: 348, 5: 284, 6: 318, 7: 365, 8: 345, 9: 339}",1.032020092010498,0.9483000040054321,15.9,73.8,23985.02734375,0.0,0.0,1,mnist,classification,cnn,0.01,32,3
mnist_123_20251105_190127,16,client_11,"{0: 347, 1: 395, 2: 319, 3: 321, 4: 345, 5: 290, 6: 361, 7: 362, 8: 330, 9: 352}",1.0348997116088867,0.9480000138282776,16.1,73.85,23995.80859375,0.0,0.0,1,mnist,classification,cnn,0.01,32,3
mnist_123_20251105_190127,16,client_12,"{0: 321, 1: 358, 2: 367, 3: 352, 4: 337, 5: 313, 6: 339, 7: 360, 8: 333, 9: 342}",1.0433170795440674,0.9430999755859375,12.45,73.9,24013.5625,0.0,0.0,1,mnist,classification,cnn,0.01,32,3
mnist_123_20251105_190127,16,client_13,"{0: 343, 1: 399, 2: 322, 3: 336, 4: 349, 5: 290, 6: 322, 7: 333, 8: 390, 9: 338}",1.0479681491851807,0.9477999806404114,13.3,73.95,24046.3828125,0.0,0.0,1,mnist,classification,cnn,0.01,32,3
mnist_123_20251105_190127,16,client_14,"{0: 334, 1: 437, 2: 336, 3: 341, 4: 347, 5: 326, 6: 309, 7: 335, 8: 326, 9: 331}",1.0565614700317383,0.9501000046730042,12.899999999999999,74.05,24085.20703125,0.0,0.0,1,mnist,classification,cnn,0.01,32,3
mnist_123_20251105_190127,16,client_15,"{0: 348, 1: 382, 2: 339, 3: 317, 4: 328, 5: 320, 6: 321, 7: 363, 8: 363, 9: 341}",1.03389310836792,0.9469000101089478,15.75,74.15,24089.0625,0.0,0.0,1,mnist,classification,cnn,0.01,32,3
mnist_123_20251105_190127,16,client_16,"{0: 366, 1: 417, 2: 355, 3: 336, 4: 343, 5: 285, 6: 323, 7: 343, 8: 312, 9: 342}",1.0409040451049805,0.9506999850273132,11.65,74.2,24098.0625,0.0,0.0,1,mnist,classification,cnn,0.01,32,3
mnist_123_20251105_190127,16,client_17,"{0: 327, 1: 410, 2: 340, 3: 363, 4: 328, 5: 303, 6: 337, 7: 340, 8: 313, 9: 361}",1.025510311126709,0.9495999813079834,15.700000000000001,74.2,24119.12890625,0.0,0.0,1,mnist,classification,cnn,0.01,32,3
mnist_123_20251105_190127,16,client_18,"{0: 343, 1: 354, 2: 380, 3: 327, 4: 338, 5: 303, 6: 355, 7: 375, 8: 305, 9: 342}",1.0388514995574951,0.9491000175476074,15.850000000000001,74.3,24139.82421875,0.0,0.0,1,mnist,classification,cnn,0.01,32,3
mnist_123_20251105_190127,16,client_19,"{0: 326, 1: 410, 2: 337, 3: 355, 4: 286, 5: 322, 6: 331, 7: 384, 8: 323, 9: 348}",1.0326483249664307,0.9472000002861023,15.2,74.35,24157.1796875,0.0,0.0,1,mnist,classification,cnn,0.01,32,3
mnist_123_20251105_190127,16,client_20,"{0: 358, 1: 414, 2: 347, 3: 348, 4: 341, 5: 296, 6: 308, 7: 366, 8: 310, 9: 334}",1.0506904125213623,0.9506000280380249,14.149999999999999,74.4,24177.5078125,0.0,0.0,1,mnist,classification,cnn,0.01,32,3
mnist_123_20251105_190127,17,client_1,"{0: 100, 1: 100, 2: 100, 3: 100, 4: 100, 5: 100, 6: 100, 7: 100, 8: 100, 9: 100}",0.5115928649902344,0.9509000182151794,14.05,74.35,24156.59765625,0.0,0.0,1,mnist,classification,cnn,0.01,32,3
mnist_123_20251105_190127,17,client_2,"{0: 100, 1: 30, 2: 40, 3: 200, 4: 10, 5: 50, 6: 70, 7: 90, 8: 60, 9: 20}",0.44257307052612305,0.944100022315979,16.0,74.4,24163.97265625,0.0,0.0,1,mnist,classification,cnn,0.01,32,3
mnist_123_20251105_190127,17,client_3,"{0: 150, 1: 150, 2: 150, 3: 150, 4: 150, 5: 150, 6: 150, 7: 150, 8: 150, 9: 150}",0.6160078048706055,0.9492999911308289,15.95,74.4,24171.796875,0.0,0.0,1,mnist,classification,cnn,0.01,32,3
mnist_123_20251105_190127,17,client_4,"{0: 50, 1: 50, 2: 50, 3: 50, 4: 50, 5: 50, 6: 50, 7: 50, 8: 50, 9: 50}",0.4006180763244629,0.9521999955177307,14.3,74.4,24174.171875,0.0,0.0,1,mnist,classification,cnn,0.01,32,3
mnist_123_20251105_190127,17,client_5,"{0: 500, 1: 500, 2: 500, 3: 500, 4: 500, 5: 500, 6: 500, 7: 500, 8: 500, 9: 500}",1.342245101928711,0.9542999863624573,17.3,74.4,24183.75390625,0.0,0.0,1,mnist,classification,cnn,0.01,32,3
mnist_123_20251105_190127,17,client_6,"{0: 306, 1: 396, 2: 315, 3: 364, 4: 344, 5: 283, 6: 369, 7: 364, 8: 305, 9: 376}",1.0190234184265137,0.9498999714851379,15.9,74.45,24199.51953125,0.0,0.0,1,mnist,classification,cnn,0.01,32,3
mnist_123_20251105_190127,17,client_7,"{0: 333, 1: 366, 2: 335, 3: 343, 4: 320, 5: 302, 6: 349, 7: 364, 8: 369, 9: 341}",1.0280373096466064,0.9513000249862671,15.1,74.5,24209.72265625,0.0,0.0,1,mnist,classification,cnn,0.01,32,3
mnist_123_20251105_190127,17,client_8,"{0: 311, 1: 405, 2: 318, 3: 352, 4: 327, 5: 326, 6: 348, 7: 374, 8: 330, 9: 331}",1.035860300064087,0.9519000053405762,21.3,74.55,24219.91015625,0.0,0.0,1,mnist,classification,cnn,0.01,32,3
mnist_123_20251105_190127,17,client_9,"{0: 320, 1: 362, 2: 365, 3: 343, 4: 351, 5: 328, 6: 358, 7: 347, 8: 337, 9: 311}",1.03985595703125,0.9459999799728394,14.149999999999999,74.6,24234.5234375,0.0,0.0,1,mnist,classification,cnn,0.01,32,3
mnist_123_20251105_190127,17,client_10,"{0: 340, 1: 407, 2: 343, 3: 333, 4: 348, 5: 284, 6: 318, 7: 365, 8: 345, 9: 339}",1.0316054821014404,0.9498000144958496,19.35,74.6,24239.08984375,0.0,0.0,1,mnist,classification,cnn,0.01,32,3
mnist_123_20251105_190127,17,client_11,"{0: 347, 1: 395, 2: 319, 3: 321, 4: 345, 5: 290, 6: 361, 7: 362, 8: 330, 9: 352}",1.0498058795928955,0.949400007724762,13.05,74.65,24253.00390625,0.0,0.0,1,mnist,classification,cnn,0.01,32,3
mnist_123_20251105_190127,17,client_12,"{0: 321, 1: 358, 2: 367, 3: 352, 4: 337, 5: 313, 6: 339, 7: 360, 8: 333, 9: 342}",1.0299630165100098,0.9437999725341797,16.2,74.7,24268.9140625,0.0,0.0,1,mnist,classification,cnn,0.01,32,3
mnist_123_20251105_190127,17,client_13,"{0: 343, 1: 399, 2: 322, 3: 336, 4: 349, 5: 290, 6: 322, 7: 333, 8: 390, 9: 338}",1.0413122177124023,0.9490000009536743,12.9,74.75,24287.2421875,0.0,0.0,1,mnist,classification,cnn,0.01,32,3
mnist_123_20251105_190127,17,client_14,"{0: 334, 1: 437, 2: 336, 3: 341, 4: 347, 5: 326, 6: 309, 7: 335, 8: 326, 9: 331}",1.0385825634002686,0.951200008392334,16.4,74.8,24305.22265625,0.0,0.0,1,mnist,classification,cnn,0.01,32,3
mnist_123_20251105_190127,17,client_15,"{0: 348, 1: 382, 2: 339, 3: 317, 4: 328, 5: 320, 6: 321, 7: 363, 8: 363, 9: 341}",1.0434372425079346,0.948199987411499,17.35,74.85,24324.23046875,0.0,0.0,1,mnist,classification,cnn,0.01,32,3
mnist_123_20251105_190127,17,client_16,"{0: 366, 1: 417, 2: 355, 3: 336, 4: 343, 5: 285, 6: 323, 7: 343, 8: 312, 9: 342}",1.0316691398620605,0.9528999924659729,17.1,74.9,24334.68359375,0.0,0.0,1,mnist,classification,cnn,0.01,32,3
mnist_123_20251105_190127,17,client_17,"{0: 327, 1: 410, 2: 340, 3: 363, 4: 328, 5: 303, 6: 337, 7: 340, 8: 313, 9: 361}",1.0330097675323486,0.9508000016212463,12.85,74.9,24345.01953125,0.0,0.0,1,mnist,classification,cnn,0.01,32,3
mnist_123_20251105_190127,17,client_18,"{0: 343, 1: 354, 2: 380, 3: 327, 4: 338, 5: 303, 6: 355, 7: 375, 8: 305, 9: 342}",1.0374274253845215,0.9498000144958496,15.15,75.0,24362.12109375,0.0,0.0,1,mnist,classification,cnn,0.01,32,3
mnist_123_20251105_190127,17,client_19,"{0: 326, 1: 410, 2: 337, 3: 355, 4: 286, 5: 322, 6: 331, 7: 384, 8: 323, 9: 348}",1.040489912033081,0.9483000040054321,11.75,75.0,24380.4453125,0.0,0.0,1,mnist,classification,cnn,0.01,32,3
mnist_123_20251105_190127,17,client_20,"{0: 358, 1: 414, 2: 347, 3: 348, 4: 341, 5: 296, 6: 308, 7: 366, 8: 310, 9: 334}",1.0316720008850098,0.9513000249862671,22.0,75.1,24399.1875,0.0,0.0,1,mnist,classification,cnn,0.01,32,3
mnist_123_20251105_190127,18,client_1,"{0: 100, 1: 100, 2: 100, 3: 100, 4: 100, 5: 100, 6: 100, 7: 100, 8: 100, 9: 100}",0.5216245651245117,0.9520999789237976,12.0,75.05,24385.625,0.0,0.0,1,mnist,classification,cnn,0.01,32,3
mnist_123_20251105_190127,18,client_2,"{0: 100, 1: 30, 2: 40, 3: 200, 4: 10, 5: 50, 6: 70, 7: 90, 8: 60, 9: 20}",0.435208797454834,0.9453999996185303,17.1,75.1,24389.03125,0.0,0.0,1,mnist,classification,cnn,0.01,32,3
mnist_123_20251105_190127,18,client_3,"{0: 150, 1: 150, 2: 150, 3: 150, 4: 150, 5: 150, 6: 150, 7: 150, 8: 150, 9: 150}",0.6279137134552002,0.9505000114440918,14.3,75.1,24402.3671875,0.0,0.0,1,mnist,classification,cnn,0.01,32,3
mnist_123_20251105_190127,18,client_4,"{0: 50, 1: 50, 2: 50, 3: 50, 4: 50, 5: 50, 6: 50, 7: 50, 8: 50, 9: 50}",0.4028971195220947,0.9532999992370605,10.55,75.1,24404.3984375,0.0,0.0,1,mnist,classification,cnn,0.01,32,3
mnist_123_20251105_190127,18,client_5,"{0: 500, 1: 500, 2: 500, 3: 500, 4: 500, 5: 500, 6: 500, 7: 500, 8: 500, 9: 500}",1.3473565578460693,0.9549999833106995,15.100000000000001,75.15,24418.37109375,0.0,0.0,1,mnist,classification,cnn,0.01,32,3
mnist_123_20251105_190127,18,client_6,"{0: 306, 1: 396, 2: 315, 3: 364, 4: 344, 5: 283, 6: 369, 7: 364, 8: 305, 9: 376}",1.0299453735351562,0.9513999819755554,11.75,75.2,24430.09765625,0.0,0.0,1,mnist,classification,cnn,0.01,32,3
mnist_123_20251105_190127,18,client_7,"{0: 333, 1: 366, 2: 335, 3: 343, 4: 320, 5: 302, 6: 349, 7: 364, 8: 369, 9: 341}",1.0349228382110596,0.9527000188827515,14.7,75.2,24439.1484375,0.0,0.0,1,mnist,classification,cnn,0.01,32,3
mnist_123_20251105_190127,18,client_8,"{0: 311, 1: 405, 2: 318, 3: 352, 4: 327, 5: 326, 6: 348, 7: 374, 8: 330, 9: 331}",1.032733678817749,0.9526000022888184,13.75,75.25,24449.08984375,0.0,0.0,1,mnist,classification,cnn,0.01,32,3
mnist_123_20251105_190127,18,client_9,"{0: 320, 1: 362, 2: 365, 3: 343, 4: 351, 5: 328, 6: 358, 7: 347, 8: 337, 9: 311}",1.0201003551483154,0.9473999738693237,14.85,75.3,24459.3984375,0.0,0.0,1,mnist,classification,cnn,0.01,32,3
mnist_123_20251105_190127,18,client_10,"{0: 340, 1: 407, 2: 343, 3: 333, 4: 348, 5: 284, 6: 318, 7: 365, 8: 345, 9: 339}",1.026627779006958,0.9508000016212463,13.45,75.3,24470.85546875,0.0,0.0,1,mnist,classification,cnn,0.01,32,3
mnist_123_20251105_190127,18,client_11,"{0: 347, 1: 395, 2: 319, 3: 321, 4: 345, 5: 290, 6: 361, 7: 362, 8: 330, 9: 352}",1.030766248703003,0.9502000212669373,15.6,75.35,24485.15625,0.0,0.0,1,mnist,classification,cnn,0.01,32,3
mnist_123_20251105_190127,18,client_12,"{0: 321, 1: 358, 2: 367, 3: 352, 4: 337, 5: 313, 6: 339, 7: 360, 8: 333, 9: 342}",1.0322892665863037,0.9448000192642212,12.95,75.4,24499.27734375,0.0,0.0,1,mnist,classification,cnn,0.01,32,3
mnist_123_20251105_190127,18,client_13,"{0: 343, 1: 399, 2: 322, 3: 336, 4: 349, 5: 290, 6: 322, 7: 333, 8: 390, 9: 338}",1.0577354431152344,0.9495999813079834,19.55,75.45,24526.19921875,0.0,0.0,1,mnist,classification,cnn,0.01,32,3
mnist_123_20251105_190127,18,client_14,"{0: 334, 1: 437, 2: 336, 3: 341, 4: 347, 5: 326, 6: 309, 7: 335, 8: 326, 9: 331}",1.0345258712768555,0.9527000188827515,16.200000000000003,75.55,24544.5078125,0.0,0.0,1,mnist,classification,cnn,0.01,32,3
mnist_123_20251105_190127,18,client_15,"{0: 348, 1: 382, 2: 339, 3: 317, 4: 328, 5: 320, 6: 321, 7: 363, 8: 363, 9: 341}",1.0651295185089111,0.9495000243186951,16.3,75.6,24604.87890625,0.0,0.0,1,mnist,classification,cnn,0.01,32,3
mnist_123_20251105_190127,18,client_16,"{0: 366, 1: 417, 2: 355, 3: 336, 4: 343, 5: 285, 6: 323, 7: 343, 8: 312, 9: 342}",1.038529872894287,0.9541000127792358,15.45,75.8,24624.0234375,0.0,0.0,1,mnist,classification,cnn,0.01,32,3
mnist_123_20251105_190127,18,client_17,"{0: 327, 1: 410, 2: 340, 3: 363, 4: 328, 5: 303, 6: 337, 7: 340, 8: 313, 9: 361}",1.0314412117004395,0.9516000151634216,20.4,75.8,24633.375,0.0,0.0,1,mnist,classification,cnn,0.01,32,3
mnist_123_20251105_190127,18,client_18,"{0: 343, 1: 354, 2: 380, 3: 327, 4: 338, 5: 303, 6: 355, 7: 375, 8: 305, 9: 342}",1.0250353813171387,0.9506999850273132,15.6,75.85,24648.19921875,0.0,0.0,1,mnist,classification,cnn,0.01,32,3
mnist_123_20251105_190127,18,client_19,"{0: 326, 1: 410, 2: 337, 3: 355, 4: 286, 5: 322, 6: 331, 7: 384, 8: 323, 9: 348}",1.0285131931304932,0.9495999813079834,16.2,75.9,24661.08203125,0.0,0.0,1,mnist,classification,cnn,0.01,32,3
mnist_123_20251105_190127,18,client_20,"{0: 358, 1: 414, 2: 347, 3: 348, 4: 341, 5: 296, 6: 308, 7: 366, 8: 310, 9: 334}",1.0296528339385986,0.9519000053405762,12.399999999999999,75.95,24676.921875,0.0,0.0,1,mnist,classification,cnn,0.01,32,3
mnist_123_20251105_190127,19,client_1,"{0: 100, 1: 100, 2: 100, 3: 100, 4: 100, 5: 100, 6: 100, 7: 100, 8: 100, 9: 100}",0.5149374008178711,0.9531999826431274,12.0,75.85,24651.5390625,0.0,0.0,1,mnist,classification,cnn,0.01,32,3
mnist_123_20251105_190127,19,client_2,"{0: 100, 1: 30, 2: 40, 3: 200, 4: 10, 5: 50, 6: 70, 7: 90, 8: 60, 9: 20}",0.43271398544311523,0.9465000033378601,14.7,75.9,24654.87890625,0.0,0.0,1,mnist,classification,cnn,0.01,32,3
mnist_123_20251105_190127,19,client_3,"{0: 150, 1: 150, 2: 150, 3: 150, 4: 150, 5: 150, 6: 150, 7: 150, 8: 150, 9: 150}",0.602379560470581,0.9521999955177307,15.35,75.9,24664.3046875,0.0,0.0,1,mnist,classification,cnn,0.01,32,3
mnist_123_20251105_190127,19,client_4,"{0: 50, 1: 50, 2: 50, 3: 50, 4: 50, 5: 50, 6: 50, 7: 50, 8: 50, 9: 50}",0.398052453994751,0.9552000164985657,16.05,75.9,24673.5546875,0.0,0.0,1,mnist,classification,cnn,0.01,32,3
mnist_123_20251105_190127,19,client_5,"{0: 500, 1: 500, 2: 500, 3: 500, 4: 500, 5: 500, 6: 500, 7: 500, 8: 500, 9: 500}",1.3293731212615967,0.9559999704360962,15.35,76.0,24676.68359375,0.0,0.0,1,mnist,classification,cnn,0.01,32,3
mnist_123_20251105_190127,19,client_6,"{0: 306, 1: 396, 2: 315, 3: 364, 4: 344, 5: 283, 6: 369, 7: 364, 8: 305, 9: 376}",1.026285171508789,0.9527999758720398,13.15,76.0,24689.30859375,0.0,0.0,1,mnist,classification,cnn,0.01,32,3
mnist_123_20251105_190127,19,client_7,"{0: 333, 1: 366, 2: 335, 3: 343, 4: 320, 5: 302, 6: 349, 7: 364, 8: 369, 9: 341}",1.0121850967407227,0.9532999992370605,15.350000000000001,76.0,24696.83984375,0.0,0.0,1,mnist,classification,cnn,0.01,32,3
mnist_123_20251105_190127,19,client_8,"{0: 311, 1: 405, 2: 318, 3: 352, 4: 327, 5: 326, 6: 348, 7: 374, 8: 330, 9: 331}",1.0234043598175049,0.953000009059906,12.95,76.0,24704.7421875,0.0,0.0,1,mnist,classification,cnn,0.01,32,3
mnist_123_20251105_190127,19,client_9,"{0: 320, 1: 362, 2: 365, 3: 343, 4: 351, 5: 328, 6: 358, 7: 347, 8: 337, 9: 311}",1.0185589790344238,0.9484000205993652,12.15,76.1,24715.3125,0.0,0.0,1,mnist,classification,cnn,0.01,32,3
mnist_123_20251105_190127,19,client_10,"{0: 340, 1: 407, 2: 343, 3: 333, 4: 348, 5: 284, 6: 318, 7: 365, 8: 345, 9: 339}",1.0333671569824219,0.95169997215271,13.9,76.1,24728.31640625,0.0,0.0,1,mnist,classification,cnn,0.01,32,3
mnist_123_20251105_190127,19,client_11,"{0: 347, 1: 395, 2: 319, 3: 321, 4: 345, 5: 290, 6: 361, 7: 362, 8: 330, 9: 352}",1.0100007057189941,0.9513999819755554,19.2,76.1,24746.0,0.0,0.0,1,mnist,classification,cnn,0.01,32,3
mnist_123_20251105_190127,19,client_12,"{0: 321, 1: 358, 2: 367, 3: 352, 4: 337, 5: 313, 6: 339, 7: 360, 8: 333, 9: 342}",1.0633220672607422,0.9460999965667725,17.6,76.25,24797.4296875,0.0,0.0,1,mnist,classification,cnn,0.01,32,3
mnist_123_20251105_190127,19,client_13,"{0: 343, 1: 399, 2: 322, 3: 336, 4: 349, 5: 290, 6: 322, 7: 333, 8: 390, 9: 338}",1.0345053672790527,0.9506999850273132,23.65,76.4,24819.61328125,0.0,0.0,1,mnist,classification,cnn,0.01,32,3
mnist_123_20251105_190127,19,client_14,"{0: 334, 1: 437, 2: 336, 3: 341, 4: 347, 5: 326, 6: 309, 7: 335, 8: 326, 9: 331}",1.0421080589294434,0.9538999795913696,12.75,76.4,24828.7265625,0.0,0.0,1,mnist,classification,cnn,0.01,32,3
mnist_123_20251105_190127,19,client_15,"{0: 348, 1: 382, 2: 339, 3: 317, 4: 328, 5: 320, 6: 321, 7: 363, 8: 363, 9: 341}",1.0271639823913574,0.9506000280380249,16.1,76.45,24846.7734375,0.0,0.0,1,mnist,classification,cnn,0.01,32,3
mnist_123_20251105_190127,19,client_16,"{0: 366, 1: 417, 2: 355, 3: 336, 4: 343, 5: 285, 6: 323, 7: 343, 8: 312, 9: 342}",1.0224177837371826,0.9556000232696533,11.399999999999999,76.5,24864.00390625,0.0,0.0,1,mnist,classification,cnn,0.01,32,3
mnist_123_20251105_190127,19,client_17,"{0: 327, 1: 410, 2: 340, 3: 363, 4: 328, 5: 303, 6: 337, 7: 340, 8: 313, 9: 361}",1.011826992034912,0.9535999894142151,13.25,76.6,24884.4296875,0.0,0.0,1,mnist,classification,cnn,0.01,32,3
mnist_123_20251105_190127,19,client_18,"{0: 343, 1: 354, 2: 380, 3: 327, 4: 338, 5: 303, 6: 355, 7: 375, 8: 305, 9: 342}",1.0355942249298096,0.95169997215271,16.55,76.65,24901.3671875,0.0,0.0,1,mnist,classification,cnn,0.01,32,3
mnist_123_20251105_190127,19,client_19,"{0: 326, 1: 410, 2: 337, 3: 355, 4: 286, 5: 322, 6: 331, 7: 384, 8: 323, 9: 348}",1.023193597793579,0.9502999782562256,17.7,76.7,24921.75,0.0,0.0,1,mnist,classification,cnn,0.01,32,3
mnist_123_20251105_190127,19,client_20,"{0: 358, 1: 414, 2: 347, 3: 348, 4: 341, 5: 296, 6: 308, 7: 366, 8: 310, 9: 334}",1.050732135772705,0.953000009059906,12.75,76.75,24942.16015625,0.0,0.0,1,mnist,classification,cnn,0.01,32,3
mnist_123_20251105_190127,20,client_1,"{0: 100, 1: 100, 2: 100, 3: 100, 4: 100, 5: 100, 6: 100, 7: 100, 8: 100, 9: 100}",0.5094022750854492,0.9537000060081482,16.35,76.7,24913.97265625,0.0,0.0,1,mnist,classification,cnn,0.01,32,3
mnist_123_20251105_190127,20,client_2,"{0: 100, 1: 30, 2: 40, 3: 200, 4: 10, 5: 50, 6: 70, 7: 90, 8: 60, 9: 20}",0.43756794929504395,0.9484000205993652,14.600000000000001,76.7,24922.6796875,0.0,0.0,1,mnist,classification,cnn,0.01,32,3
mnist_123_20251105_190127,20,client_3,"{0: 150, 1: 150, 2: 150, 3: 150, 4: 150, 5: 150, 6: 150, 7: 150, 8: 150, 9: 150}",0.6133768558502197,0.9531000256538391,16.15,76.7,24928.66796875,0.0,0.0,1,mnist,classification,cnn,0.01,32,3
mnist_123_20251105_190127,20,client_4,"{0: 50, 1: 50, 2: 50, 3: 50, 4: 50, 5: 50, 6: 50, 7: 50, 8: 50, 9: 50}",0.40027856826782227,0.9562000036239624,16.5,76.75,24935.61328125,0.0,0.0,1,mnist,classification,cnn,0.01,32,3
mnist_123_20251105_190127,20,client_5,"{0: 500, 1: 500, 2: 500, 3: 500, 4: 500, 5: 500, 6: 500, 7: 500, 8: 500, 9: 500}",1.3603484630584717,0.957099974155426,11.6,76.8,24937.44921875,0.0,0.0,1,mnist,classification,cnn,0.01,32,3
mnist_123_20251105_190127,20,client_6,"{0: 306, 1: 396, 2: 315, 3: 364, 4: 344, 5: 283, 6: 369, 7: 364, 8: 305, 9: 376}",1.0164713859558105,0.9534000158309937,17.450000000000003,76.8,24949.43359375,0.0,0.0,1,mnist,classification,cnn,0.01,32,3
mnist_123_20251105_190127,20,client_7,"{0: 333, 1: 366, 2: 335, 3: 343, 4: 320, 5: 302, 6: 349, 7: 364, 8: 369, 9: 341}",1.036715030670166,0.9544000029563904,10.8,76.8,24959.4453125,0.0,0.0,1,mnist,classification,cnn,0.01,32,3
mnist_123_20251105_190127,20,client_8,"{0: 311, 1: 405, 2: 318, 3: 352, 4: 327, 5: 326, 6: 348, 7: 374, 8: 330, 9: 331}",1.0162339210510254,0.9546999931335449,18.5,76.85,24972.41796875,0.0,0.0,1,mnist,classification,cnn,0.01,32,3
mnist_123_20251105_190127,20,client_9,"{0: 320, 1: 362, 2: 365, 3: 343, 4: 351, 5: 328, 6: 358, 7: 347, 8: 337, 9: 311}",1.0287182331085205,0.9495000243186951,16.25,76.9,24981.06640625,0.0,0.0,1,mnist,classification,cnn,0.01,32,3
mnist_123_20251105_190127,20,client_10,"{0: 340, 1: 407, 2: 343, 3: 333, 4: 348, 5: 284, 6: 318, 7: 365, 8: 345, 9: 339}",1.026832103729248,0.9527999758720398,17.65,76.9,24989.14453125,0.0,0.0,1,mnist,classification,cnn,0.01,32,3
mnist_123_20251105_190127,20,client_11,"{0: 347, 1: 395, 2: 319, 3: 321, 4: 345, 5: 290, 6: 361, 7: 362, 8: 330, 9: 352}",1.036299705505371,0.953000009059906,16.25,76.95,24997.390625,0.0,0.0,1,mnist,classification,cnn,0.01,32,3
mnist_123_20251105_190127,20,client_12,"{0: 321, 1: 358, 2: 367, 3: 352, 4: 337, 5: 313, 6: 339, 7: 360, 8: 333, 9: 342}",1.0275301933288574,0.9465000033378601,14.5,77.0,25016.1640625,0.0,0.0,1,mnist,classification,cnn,0.01,32,3
mnist_123_20251105_190127,20,client_13,"{0: 343, 1: 399, 2: 322, 3: 336, 4: 349, 5: 290, 6: 322, 7: 333, 8: 390, 9: 338}",1.0233614444732666,0.9520000219345093,10.399999999999999,77.05,25033.84765625,0.0,0.0,1,mnist,classification,cnn,0.01,32,3
mnist_123_20251105_190127,20,client_14,"{0: 334, 1: 437, 2: 336, 3: 341, 4: 347, 5: 326, 6: 309, 7: 335, 8: 326, 9: 331}",1.0258309841156006,0.9545000195503235,16.55,77.1,25052.66015625,0.0,0.0,1,mnist,classification,cnn,0.01,32,3
mnist_123_20251105_190127,20,client_15,"{0: 348, 1: 382, 2: 339, 3: 317, 4: 328, 5: 320, 6: 321, 7: 363, 8: 363, 9: 341}",1.0310814380645752,0.951200008392334,14.4,77.15,25069.140625,0.0,0.0,1,mnist,classification,cnn,0.01,32,3
mnist_123_20251105_190127,20,client_16,"{0: 366, 1: 417, 2: 355, 3: 336, 4: 343, 5: 285, 6: 323, 7: 343, 8: 312, 9: 342}",1.0283136367797852,0.9567000269889832,16.75,77.2,25085.9609375,0.0,0.0,1,mnist,classification,cnn,0.01,32,3
mnist_123_20251105_190127,20,client_17,"{0: 327, 1: 410, 2: 340, 3: 363, 4: 328, 5: 303, 6: 337, 7: 340, 8: 313, 9: 361}",1.03261399269104,0.9535999894142151,13.4,77.25,25103.75390625,0.0,0.0,1,mnist,classification,cnn,0.01,32,3
mnist_123_20251105_190127,20,client_18,"{0: 343, 1: 354, 2: 380, 3: 327, 4: 338, 5: 303, 6: 355, 7: 375, 8: 305, 9: 342}",1.160698413848877,0.9519000053405762,17.8,77.25,25109.2890625,0.0,0.0,1,mnist,classification,cnn,0.01,32,3
mnist_123_20251105_190127,20,client_19,"{0: 326, 1: 410, 2: 337, 3: 355, 4: 286, 5: 322, 6: 331, 7: 384, 8: 323, 9: 348}",1.3187260627746582,0.9516000151634216,24.05,77.3,25166.2265625,0.0,0.0,1,mnist,classification,cnn,0.01,32,3
mnist_123_20251105_190127,20,client_20,"{0: 358, 1: 414, 2: 347, 3: 348, 4: 341, 5: 296, 6: 308, 7: 366, 8: 310, 9: 334}",1.3604648113250732,0.9538999795913696,24.7,77.6,25227.5859375,0.0,0.0,1,mnist,classification,cnn,0.01,32,3
